Workbook

Sheet Параметры для вариантов
B1: параметры 1го уровня | D1: параметры 2го уровня | N1: параметры 3-го уровня
A2: вариант | B2: yy | C2: xxxx | D2: t | E2: М1 | F2: L1 | G2: v1 | H2: М2 | I2: L2 | J2: V2 | K2: М3 | L2: L3 | M2: V3 | N2: N1 | O2: Кс1 | P2: Pз1 | Q2: Nо1 | R2: N2 | S2: Кс2 | T2: Pз2 | U2: Nо2 | V2: N3 | W2: Кс3 | X2: Pз3 | Y2: Nо3 | Z2: параметр для исследования | AA2: шаг параметра
A3: 1 | B3: 01 | C3: 00001 | D3: 15000 | E3: 26 | F3: 8 | G3: 2000 | H3: 96 | I3: 12 | J3: 3000 | K3: 128 | L3: 7 | M3: 1500 | N3: 1000 | O3: 4 | P3: 0.15 | Q3: 30 | R3: 780 | S3: 7 | T3: 0.26 | U3: 8 | V3: 560 | W3: 8 | X3: 0.23 | Y3: 14 | Z3: М1 | AA3: 2
A4: 2 | B4: 02 | C4: 00010 | D4: =D3*1.05 -> 15750 | E4: 52 | F4: 6 | G4: =G3*0.95 -> 1900 | H4: 128 | I4: 11 | J4: =J3-10 -> 2990 | K4: 256 | L4: 6 | M4: =M3+15 -> 1515 | N4: =N3-20 -> 980 | O4: 5 | P4: 0.16 | Q4: =Q3-2 -> 28 | R4: 760 | S4: 8 | T4: 0.27 | U4: 6 | V4: 540 | W4: 6 | X4: 0.24 | Y4: 16 | Z4: L1 | AA4: 2
A5: 3 | B5: 03 | C5: 00011 | D5: =D4*1.05 -> 16537.5 | E5: 62 | F5: 6 | G5: =G4*0.95 -> 1805 | H5: 256 | I5: 10 | J5: =J4-10 -> 2980 | K5: 48 | L5: 6 | M5: =M4+15 -> 1530 | N5: =N4-20 -> 960 | O5: 6 | P5: 0.17 | Q5: =Q4-2 -> 26 | R5: 740 | S5: 4 | T5: 0.28 | U5: 4 | V5: 520 | W5: 7 | X5: 0.25 | Y5: 18 | Z5: v1 | AA5: 50
A6: 4 | B6: 04 | C6: 00100 | D6: =D5*1.05 -> 17364.375 | E6: 64 | F6: 7 | G6: =G5*0.95 -> 1714.75 | H6: 48 | I6: 9 | J6: =J5-10 -> 2970 | K6: 54 | L6: 7 | M6: =M5+15 -> 1545 | N6: =N5-20 -> 940 | O6: 7 | P6: 0.18 | Q6: =Q5-2 -> 24 | R6: 720 | S6: 5 | T6: 0.15 | U6: 2 | V6: 500 | W6: 8 | X6: 0.26 | Y6: 20 | Z6: М2 | AA6: 2
A7: 5 | B7: 05 | C7: 00101 | D7: =D6*1.05 -> 18232.594 | E7: 96 | F7: 8 | G7: =G6*0.95 -> 1629.0125 | H7: 54 | I7: 8 | J7: =J6-10 -> 2960 | K7: 64 | L7: 12 | M7: =M6+15 -> 1560 | N7: =N6-20 -> 920 | O7: 8 | P7: 0.19 | Q7: =Q6-2 -> 22 | R7: 700 | S7: 6 | T7: 0.16 | U7: 0 | V7: 480 | W7: 4 | X7: 0.27 | Y7: 22 | Z7: L2 | AA7: 1
A8: 6 | B8: 06 | C8: 00110 | D8: =D7*1.05 -> 19144.223 | E8: 128 | F8: 9 | G8: =G7*0.95 -> 1547.5619 | H8: 64 | I8: 7 | J8: =J7-10 -> 2950 | K8: 68 | L8: 11 | M8: =M7+15 -> 1575 | N8: =N7-20 -> 900 | O8: 4 | P8: 0.2 | Q8: =Q7-2 -> 20 | R8: 680 | S8: 7 | T8: 0.17 | U8: 2 | V8: 460 | W8: 5 | X8: 0.28 | Y8: 24 | Z8: v2 | AA8: 50
A9: 7 | B9: 07 | C9: 00111 | D9: =D8*1.05 -> 20101.435 | E9: 256 | F9: 10 | G9: =G8*0.95 -> 1470.1838 | H9: 68 | I9: 6 | J9: =J8-10 -> 2940 | K9: 98 | L9: 10 | M9: =M8+15 -> 1590 | N9: =N8-20 -> 880 | O9: 5 | P9: 0.21 | Q9: =Q8-2 -> 18 | R9: 660 | S9: 8 | T9: 0.18 | U9: 4 | V9: 440 | W9: 6 | X9: 0.19 | Y9: 26 | Z9: М3 | AA9: 2
A10: 8 | B10: 08 | C10: 01000 | D10: =D9*1.05 -> 21106.506 | E10: 48 | F10: 8 | G10: =G9*0.95 -> 1396.6746 | H10: 98 | I10: 7 | J10: =J9-10 -> 2930 | K10: 24 | L10: 9 | M10: =M9+15 -> 1605 | N10: =N9-20 -> 860 | O10: 6 | P10: 0.22 | Q10: =Q9-2 -> 16 | R10: 640 | S10: 4 | T10: 0.19 | U10: 6 | V10: 420 | W10: 7 | X10: 0.2 | Y10: 28 | Z10: L3 | AA10: 1
A11: 9 | B11: 09 | C11: 01001 | D11: =D10*1.05 -> 22161.832 | E11: 54 | F11: 6 | G11: =G10*0.95 -> 1326.8409 | H11: 24 | I11: 7 | J11: =J10-10 -> 2920 | K11: 26 | L11: 10 | M11: =M10+15 -> 1620 | N11: =N10-20 -> 840 | O11: 7 | P11: 0.23 | Q11: =Q10-2 -> 14 | R11: 620 | S11: 5 | T11: 0.2 | U11: 8 | V11: 400 | W11: 8 | X11: 0.21 | Y11: 30 | Z11: v3 | AA11: 50
A12: 10 | B12: 10 | C12: 01010 | D12: =D11*1.05 -> 23269.923 | E12: 64 | F12: 6 | G12: =G11*0.95 -> 1260.4988 | H12: 26 | I12: 12 | J12: =J11-10 -> 2910 | K12: 62 | L12: 9 | M12: =M11+15 -> 1635 | N12: =N11-20 -> 820 | O12: 8 | P12: 0.24 | Q12: =Q11-2 -> 12 | R12: 600 | S12: 6 | T12: 0.21 | U12: 10 | V12: 700 | W12: 6 | X12: 0.16 | Y12: 0 | Z12: N1 | AA12: 10
A13: 11 | B13: 11 | C13: 01011 | D13: =D12*1.05 -> 24433.419 | E13: 68 | F13: 7 | G13: =G12*0.95 -> 1197.4739 | H13: 62 | I13: 11 | J13: =J12-10 -> 2900 | K13: 64 | L13: 8 | M13: =M12+15 -> 1650 | N13: =N12-20 -> 800 | O13: 6 | P13: 0.25 | Q13: =Q12-2 -> 10 | R13: 580 | S13: 7 | T13: 0.22 | U13: 12 | V13: 680 | W13: 7 | X13: 0.17 | Y13: 2 | Z13: Кс1 | AA13: 1
A14: 12 | B14: 12 | C14: 01100 | D14: =D13*1.05 -> 25655.09 | E14: 98 | F14: 8 | G14: =G13*0.95 -> 1137.6002 | H14: 64 | I14: 10 | J14: =J13-10 -> 2890 | K14: 128 | L14: 7 | M14: =M13+15 -> 1665 | N14: =N13-20 -> 780 | O14: 7 | P14: 0.26 | Q14: =Q13-2 -> 8 | R14: 1000 | S14: 4 | T14: 0.15 | U14: 30 | V14: 660 | W14: 8 | X14: 0.18 | Y14: 4 | Z14: Pз1 | AA14: 0.01
A15: 13 | B15: 13 | C15: 01101 | D15: =D14*1.05 -> 26937.845 | E15: 24 | F15: 9 | G15: =G14*0.95 -> 1080.7202 | H15: 96 | I15: 9 | J15: =J14-10 -> 2880 | K15: 256 | L15: 6 | M15: =M14+15 -> 1680 | N15: =N14-20 -> 760 | O15: 8 | P15: 0.27 | Q15: =Q14-2 -> 6 | R15: 980 | S15: 5 | T15: 0.16 | U15: 28 | V15: 640 | W15: 4 | X15: 0.19 | Y15: 6 | Z15: Nо1 | AA15: 5
... A18: 16 | B18: 16 | C18: 10001 | D18: =D17*1.05 -> 31183.923 | E18: 62 | F18: 5 | G18: =G17*0.95 -> 926.58246 | H18: 48 | I18: 6 | J18: =J17-10 -> 2850 | K18: 64 | L18: 12 | M18: =M17+15 -> 1725 | N18: =N17-20 -> 700 | O18: 6 | P18: 0.16 | Q18: =Q17-2 -> 0 | R18: 920 | S18: 8 | T18: 0.19 | U18: 22 | V18: 580 | W18: 7 | X18: 0.22 | Y18: 12 | Z18: v1 | AA18: 50
A19: 17 | B19: 17 | C19: 10001 | D19: =D18*1.05 -> 32743.119 | E19: 64 | F19: 6 | G19: =G18*0.95 -> 880.25334 | H19: 54 | I19: 6 | J19: =J18-10 -> 2840 | K19: 68 | L19: 11 | M19: =M18+15 -> 1740 | N19: =N18-20 -> 680 | O19: 7 | P19: 0.17 | Q19: =Q18+2 -> 2 | R19: 900 | S19: 4 | T19: 0.2 | U19: 20 | V19: 1000 | W19: 4 | X19: 0.15 | Y19: 30 | Z19: М2 | AA19: 2
A20: 18 | B20: 18 | C20: 10010 | D20: =D19*1.05 -> 34380.275 | E20: 96 | F20: 7 | G20: =G19*0.95 -> 836.24067 | H20: 64 | I20: 7 | J20: =J19-10 -> 2830 | K20: 98 | L20: 10 | M20: =M19+15 -> 1755 | N20: =N19-20 -> 660 | O20: 8 | P20: 0.18 | Q20: =Q19+2 -> 4 | R20: 840 | S20: 7 | T20: 0.23 | U20: 14 | V20: 980 | W20: 5 | X20: 0.16 | Y20: 28 | Z20: L2 | AA20: 1
A21: 19 | B21: 19 | C21: 10011 | D21: =D20*1.05 -> 36099.289 | E21: 128 | F21: 8 | G21: =G20*0.95 -> 794.42864 | H21: 68 | I21: 12 | J21: =J20-10 -> 2820 | K21: 24 | L21: 9 | M21: =M20+15 -> 1770 | N21: =N20-20 -> 640 | O21: 4 | P21: 0.19 | Q21: =Q20+2 -> 6 | R21: 840 | S21: 7 | T21: 0.23 | U21: 14 | V21: 960 | W21: 6 | X21: 0.17 | Y21: 26 | Z21: v2 | AA21: 50
A22: 20 | B22: 20 | C22: 10100 | D22: =D21*1.05 -> 37904.253 | E22: 256 | F22: 9 | G22: =G21*0.95 -> 754.70721 | H22: 98 | I22: 11 | J22: =J21-10 -> 2810 | K22: 24 | L22: 8 | M22: =M21+15 -> 1785 | N22: =N21-20 -> 620 | O22: 5 | P22: 0.2 | Q22: =Q21+2 -> 8 | R22: 820 | S22: 8 | T22: 0.24 | U22: 12 | V22: 940 | W22: 7 | X22: 0.18 | Y22: 24 | Z22: М3 | AA22: 2
A23: 21 | B23: 21 | C23: 10101 | D23: =D22*1.05 -> 39799.466 | E23: 48 | F23: 10 | G23: =G22*0.95 -> 716.97184 | H23: 24 | I23: 10 | J23: =J22-10 -> 2800 | K23: 26 | L23: 7 | M23: =M22+15 -> 1800 | N23: =N22-20 -> 600 | O23: 6 | P23: 0.21 | Q23: =Q22+2 -> 10 | R23: 800 | S23: 6 | T23: 0.25 | U23: 10 | V23: 920 | W23: 8 | X23: 0.19 | Y23: 22 | Z23: L3 | AA23: 1
A24: 22 | B24: 22 | C24: 10110 | D24: =D23*1.05 -> 41789.439 | E24: 54 | F24: 7 | G24: =G23*0.95 -> 681.12325 | H24: 26 | I24: 9 | J24: =J23-10 -> 2790 | K24: 62 | L24: 7 | M24: =M23+15 -> 1815 | N24: =N23-20 -> 580 | O24: 7 | P24: 0.22 | Q24: =Q23+2 -> 12 | R24: 780 | S24: 7 | T24: 0.26 | U24: 8 | V24: 900 | W24: 4 | X24: 0.2 | Y24: 20 | Z24: v3 | AA24: 50
A25: 23 | B25: 23 | C25: 10111 | D25: =D24*1.05 -> 43878.911 | E25: 64 | F25: 6 | G25: =G24*0.95 -> 647.06709 | H25: 52 | I25: 8 | J25: =J24-10 -> 2780 | K25: 64 | L25: 5 | M25: =M24+15 -> 1830 | N25: =N24-20 -> 560 | O25: 8 | P25: 0.23 | Q25: =Q24+2 -> 14 | R25: 760 | S25: 8 | T25: 0.27 | U25: 6 | V25: 1000 | W25: 4 | X25: 0.15 | Y25: 30 | Z25: N2 | AA25: 10
A26: 24 | B26: 24 | C26: 11000 | D26: =D25*1.05 -> 46072.856 | E26: 68 | F26: 6 | G26: =G25*0.95 -> 614.71374 | H26: 62 | I26: 7 | J26: =J25-10 -> 2770 | K26: 128 | L26: 7 | M26: =M25+15 -> 1845 | N26: =N25-20 -> 540 | O26: 6 | P26: 0.24 | Q26: =Q25+2 -> 16 | R26: 740 | S26: 4 | T26: 0.28 | U26: 4 | V26: 980 | W26: 5 | X26: 0.16 | Y26: 28 | Z26: Кс2 | AA26: 1
A27: 25 | B27: 25 | C27: 11001 | D27: =D26*1.05 -> 48376.499 | E27: 68 | F27: 7 | G27: =G26*0.95 -> 583.97805 | H27: 64 | I27: 6 | J27: =J26-10 -> 2760 | K27: 256 | L27: 12 | M27: =M26+15 -> 1860 | N27: =N26-20 -> 520 | O27: 7 | P27: 0.25 | Q27: =Q26+2 -> 18 | R27: 720 | S27: 5 | T27: 0.15 | U27: 2 | V27: 960 | W27: 6 | X27: 0.17 | Y27: 26 | Z27: Pз2 | AA27: 0.01
A28: 26 | B28: 26 | C28: 11010 | D28: =D27*1.05 -> 50795.324 | E28: 98 | F28: 8 | G28: =G27*0.95 -> 554.77915 | H28: 96 | I28: 5 | J28: =J27-10 -> 2750 | K28: 48 | L28: 11 | M28: =M27+15 -> 1875 | N28: =N27-20 -> 500 | O28: 8 | P28: 0.26 | Q28: =Q27+2 -> 20 | R28: 700 | S28: 6 | T28: 0.16 | U28: 0 | V28: 940 | W28: 7 | X28: 0.18 | Y28: 24 | Z28: Nо2 | AA28: 5
A29: 27 | B29: 27 | C29: 11011 | D29: =D28*1.05 -> 53335.09 | E29: 24 | F29: 9 | G29: =G28*0.95 -> 527.04019 | H29: 128 | I29: 7 | J29: =J28-10 -> 2740 | K29: 54 | L29: 10 | M29: =M28+15 -> 1890 | N29: =N28-20 -> 480 | O29: 4 | P29: 0.27 | Q29: =Q28+2 -> 22 | R29: 680 | S29: 7 | T29: 0.17 | U29: 2 | V29: 920 | W29: 8 | X29: 0.19 | Y29: 22 | Z29: t | AA29: 2000
A30: 28 | B30: 28 | C30: 11100 | D30: =D29*1.05 -> 56001.845 | E30: 64 | F30: 10 | G30: =G29*0.95 -> 500.68818 | H30: 98 | I30: 10 | J30: =J29-10 -> 2730 | K30: 64 | L30: 9 | M30: =M29+15 -> 1905 | N30: =N29-20 -> 460 | O30: 5 | P30: 0.28 | Q30: =Q29+2 -> 24 | R30: 660 | S30: 8 | T30: 0.18 | U30: 4 | V30: 900 | W30: 4 | X30: 0.2 | Y30: 20 | Z30: t | AA30: 2000
... A33: 31 | B33: 31 | C33: 11111 | D33: =D32*1.05 -> 64829.136 | E33: 24 | F33: 13 | G33: =G32*0.95 -> 429.27753 | H33: 62 | I33: 7 | J33: =J32-10 -> 2700 | K33: 24 | L33: 6 | M33: =M32+15 -> 1950 | N33: =N32-20 -> 400 | O33: 8 | P33: 0.21 | Q33: =Q32+2 -> 30 | R33: 600 | S33: 6 | T33: 0.21 | U33: 10 | V33: 840 | W33: 7 | X33: 0.23 | Y33: 14 | Z33: t | AA33: 2000

Sheet Обнаружение ошибок
B2: G | C2: 1 | D2: 0 | E2: 0 | F2: 0 | G2: 0 | H2: 0 | I2: 1 | J2: 1 | K2: 0 | Z2: G | AA2: 1 | AB2: 0 | AC2: 0 | AD2: 0 | AE2: 0 | AF2: 0 | AG2: 1 | AH2: 1 | AI2: 0 | AY2: G | AZ2: 1 | BA2: 0 | BB2: 0 | BC2: 0 | BD2: 0 | BE2: 0 | BF2: 1 | BG2: 1 | BH2: 0 | BM2: p | BN2: 0.0106
C3: 0 | D3: 1 | E3: 0 | F3: 0 | G3: 1 | H3: 1 | I3: 0 | J3: 0 | K3: 1 | AA3: 0 | AB3: 1 | AC3: 0 | AD3: 0 | AE3: 1 | AF3: 1 | AG3: 0 | AH3: 0 | AI3: 1 | AZ3: 0 | BA3: 1 | BB3: 0 | BC3: 0 | BD3: 1 | BE3: 1 | BF3: 0 | BG3: 0 | BH3: 1 | BM3: d* | BN3: =MIN(BK8:BK14) -> 3
C4: 0 | D4: 0 | E4: 1 | F4: 0 | G4: 1 | H4: 0 | I4: 1 | J4: 1 | K4: 0 | AA4: 0 | AB4: 0 | AC4: 1 | AD4: 0 | AE4: 1 | AF4: 0 | AG4: 1 | AH4: 1 | AI4: 0 | AZ4: 0 | BA4: 0 | BB4: 1 | BC4: 0 | BD4: 1 | BE4: 0 | BF4: 1 | BG4: 1 | BH4: 0 | BM4: Tо | BN4: =BN3-1 -> 2
C5: 0 | D5: 0 | E5: 0 | F5: 1 | G5: 1 | H5: 1 | I5: 0 | J5: 1 | K5: 1 | Q5: p | R5: 0.0106 | AA5: 0 | AB5: 0 | AC5: 0 | AD5: 1 | AE5: 1 | AF5: 1 | AG5: 0 | AH5: 1 | AI5: 1 | BM5: Tи | BN5: =TRUNC(BN4/2) -> 1
Q6: d* | R6: =MIN(O9:O23) -> 3 | AA6: 0 | AB6: 0 | AC6: 0 | AD6: 0 | AE6: 1 | AF6: 1 | AG6: 1 | AH6: 0 | AI6: 1 | AP6: p | AQ6: 0.0206 | AY6: Кодовые векторы | BK6: Вес | BM6: Py13 | BN6: =BS20 -> 0.99999774
B7: Кодовые векторы | O7: Вес | Q7: Tо | R7: =R6-1 -> 2 | AP7: d* | AQ7: =MIN(AN10:AN40) -> 2 | AY7: 0 | AZ7: 0 | BA7: 0 | BB7: =MOD(SUM(AZ$2*$AY7,AZ$3*$AZ7,AZ$4*$BA7),2) -> 0 | BC7: =MOD(SUM(BA$2*$AY7,BA$3*$AZ7,BA$4*$BA7),2) -> 0 | BD7: =MOD(SUM(BB$2*$AY7,BB$3*$AZ7,BB$4*$BA7),2) -> 0 | BE7: =MOD(SUM(BC$2*$AY7,BC$3*$AZ7,BC$4*$BA7),2) -> 0 | BF7: =MOD(SUM(BD$2*$AY7,BD$3*$AZ7,BD$4*$BA7),2) -> 0 | BG7: =MOD(SUM(BE$2*$AY7,BE$3*$AZ7,BE$4*$BA7),2) -> 0 | BH7: =MOD(SUM(BF$2*$AY7,BF$3*$AZ7,BF$4*$BA7),2) -> 0 | BI7: =MOD(SUM(BG$2*$AY7,BG$3*$AZ7,BG$4*$BA7),2) -> 0 | BJ7: =MOD(SUM(BH$2*$AY7,BH$3*$AZ7,BH$4*$BA7),2) -> 0 | BK7: =SUM(BB7:BJ7) -> 0
B8: 0 | C8: 0 | D8: 0 | E8: 0 | F8: =MOD(SUM(C$2*$B8,C$3*$C8,C$4*$D8,C$5*$E8),2) -> 0 | G8: =MOD(SUM(D$2*$B8,D$3*$C8,D$4*$D8,D$5*$E8),2) -> 0 | H8: =MOD(SUM(E$2*$B8,E$3*$C8,E$4*$D8,E$5*$E8),2) -> 0 | I8: =MOD(SUM(F$2*$B8,F$3*$C8,F$4*$D8,F$5*$E8),2) -> 0 | J8: =MOD(SUM(G$2*$B8,G$3*$C8,G$4*$D8,G$5*$E8),2) -> 0 | K8: =MOD(SUM(H$2*$B8,H$3*$C8,H$4*$D8,H$5*$E8),2) -> 0 | L8: =MOD(SUM(I$2*$B8,I$3*$C8,I$4*$D8,I$5*$E8),2) -> 0 | M8: =MOD(SUM(J$2*$B8,J$3*$C8,J$4*$D8,J$5*$E8),2) -> 0 | N8: =MOD(SUM(K$2*$B8,K$3*$C8,K$4*$D8,K$5*$E8),2) -> 0 | O8: =SUM(F8:N8) -> 0 | Q8: Tи | R8: =TRUNC(R7/2) -> 1 | Z8: Кодовые векторы | AN8: Вес | AP8: Tо | AQ8: =AQ7-1 -> 1 | AY8: 0 | AZ8: 0 | BA8: 1 | BB8: =MOD(SUM(AZ$2*$AY8,AZ$3*$AZ8,AZ$4*$BA8),2) -> 0 | BC8: =MOD(SUM(BA$2*$AY8,BA$3*$AZ8,BA$4*$BA8),2) -> 0 | BD8: =MOD(SUM(BB$2*$AY8,BB$3*$AZ8,BB$4*$BA8),2) -> 1 | BE8: =MOD(SUM(BC$2*$AY8,BC$3*$AZ8,BC$4*$BA8),2) -> 0 | BF8: =MOD(SUM(BD$2*$AY8,BD$3*$AZ8,BD$4*$BA8),2) -> 1 | BG8: =MOD(SUM(BE$2*$AY8,BE$3*$AZ8,BE$4*$BA8),2) -> 0 | BH8: =MOD(SUM(BF$2*$AY8,BF$3*$AZ8,BF$4*$BA8),2) -> 1 | BI8: =MOD(SUM(BG$2*$AY8,BG$3*$AZ8,BG$4*$BA8),2) -> 1 | BJ8: =MOD(SUM(BH$2*$AY8,BH$3*$AZ8,BH$4*$BA8),2) -> 0 | BK8: =SUM(BB8:BJ8) -> 4 | BM8: Спектр кода
B9: 0 | C9: 0 | D9: 0 | E9: 1 | F9: =MOD(SUM(C$2*$B9,C$3*$C9,C$4*$D9,C$5*$E9),2) -> 0 | G9: =MOD(SUM(D$2*$B9,D$3*$C9,D$4*$D9,D$5*$E9),2) -> 0 | H9: =MOD(SUM(E$2*$B9,E$3*$C9,E$4*$D9,E$5*$E9),2) -> 0 | I9: =MOD(SUM(F$2*$B9,F$3*$C9,F$4*$D9,F$5*$E9),2) -> 1 | J9: =MOD(SUM(G$2*$B9,G$3*$C9,G$4*$D9,G$5*$E9),2) -> 1 | K9: =MOD(SUM(H$2*$B9,H$3*$C9,H$4*$D9,H$5*$E9),2) -> 1 | L9: =MOD(SUM(I$2*$B9,I$3*$C9,I$4*$D9,I$5*$E9),2) -> 0 | M9: =MOD(SUM(J$2*$B9,J$3*$C9,J$4*$D9,J$5*$E9),2) -> 1 | N9: =MOD(SUM(K$2*$B9,K$3*$C9,K$4*$D9,K$5*$E9),2) -> 1 | O9: =SUM(F9:N9) -> 5 | Q9: Py11 | R9: =W23 -> 0.99999661 | Z9: 0 | AA9: 0 | AB9: 0 | AC9: 0 | AD9: 0 | AE9: =MOD(SUM(AA$2*$Z9,AA$3*$AA9,AA$4*$AB9,AA$5*$AC9,AA$6*$AD9),2) -> 0 | AF9: =MOD(SUM(AB$2*$Z9,AB$3*$AA9,AB$4*$AB9,AB$5*$AC9,AB$6*$AD9),2) -> 0 | AG9: =MOD(SUM(AC$2*$Z9,AC$3*$AA9,AC$4*$AB9,AC$5*$AC9,AC$6*$AD9),2) -> 0 | AH9: =MOD(SUM(AD$2*$Z9,AD$3*$AA9,AD$4*$AB9,AD$5*$AC9,AD$6*$AD9),2) -> 0 | AI9: =MOD(SUM(AE$2*$Z9,AE$3*$AA9,AE$4*$AB9,AE$5*$AC9,AE$6*$AD9),2) -> 0 | AJ9: =MOD(SUM(AF$2*$Z9,AF$3*$AA9,AF$4*$AB9,AF$5*$AC9,AF$6*$AD9),2) -> 0 | AK9: =MOD(SUM(AG$2*$Z9,AG$3*$AA9,AG$4*$AB9,AG$5*$AC9,AG$6*$AD9),2) -> 0 | AL9: =MOD(SUM(AH$2*$Z9,AH$3*$AA9,AH$4*$AB9,AH$5*$AC9,AH$6*$AD9),2) -> 0 | AM9: =MOD(SUM(AI$2*$Z9,AI$3*$AA9,AI$4*$AB9,AI$5*$AC9,AI$6*$AD9),2) -> 0 | AN9: =SUM(AE9:AM9) -> 0 | AP9: Tи | AQ9: =TRUNC(AQ8/2) -> 0 | AY9: 0 | AZ9: 1 | BA9: 0 | BB9: =MOD(SUM(AZ$2*$AY9,AZ$3*$AZ9,AZ$4*$BA9),2) -> 0 | BC9: =MOD(SUM(BA$2*$AY9,BA$3*$AZ9,BA$4*$BA9),2) -> 1 | BD9: =MOD(SUM(BB$2*$AY9,BB$3*$AZ9,BB$4*$BA9),2) -> 0 | BE9: =MOD(SUM(BC$2*$AY9,BC$3*$AZ9,BC$4*$BA9),2) -> 0 | BF9: =MOD(SUM(BD$2*$AY9,BD$3*$AZ9,BD$4*$BA9),2) -> 1 | BG9: =MOD(SUM(BE$2*$AY9,BE$3*$AZ9,BE$4*$BA9),2) -> 1 | BH9: =MOD(SUM(BF$2*$AY9,BF$3*$AZ9,BF$4*$BA9),2) -> 0 | BI9: =MOD(SUM(BG$2*$AY9,BG$3*$AZ9,BG$4*$BA9),2) -> 0 | BJ9: =MOD(SUM(BH$2*$AY9,BH$3*$AZ9,BH$4*$BA9),2) -> 1 | BK9: =SUM(BB9:BJ9) -> 4 | BM9: i | BN9: Ai | BP9: i | BQ9: p^i | BR9: q^(n-i) | BS9: Apq
B10: 0 | C10: 0 | D10: 1 | E10: 0 | F10: =MOD(SUM(C$2*$B10,C$3*$C10,C$4*$D10,C$5*$E10),2) -> 0 | G10: =MOD(SUM(D$2*$B10,D$3*$C10,D$4*$D10,D$5*$E10),2) -> 0 | H10: =MOD(SUM(E$2*$B10,E$3*$C10,E$4*$D10,E$5*$E10),2) -> 1 | I10: =MOD(SUM(F$2*$B10,F$3*$C10,F$4*$D10,F$5*$E10),2) -> 0 | J10: =MOD(SUM(G$2*$B10,G$3*$C10,G$4*$D10,G$5*$E10),2) -> 1 | K10: =MOD(SUM(H$2*$B10,H$3*$C10,H$4*$D10,H$5*$E10),2) -> 0 | L10: =MOD(SUM(I$2*$B10,I$3*$C10,I$4*$D10,I$5*$E10),2) -> 1 | M10: =MOD(SUM(J$2*$B10,J$3*$C10,J$4*$D10,J$5*$E10),2) -> 1 | N10: =MOD(SUM(K$2*$B10,K$3*$C10,K$4*$D10,K$5*$E10),2) -> 0 | O10: =SUM(F10:N10) -> 4 | Z10: 0 | AA10: 0 | AB10: 0 | AC10: 0 | AD10: 1 | AE10: =MOD(SUM(AA$2*$Z10,AA$3*$AA10,AA$4*$AB10,AA$5*$AC10,AA$6*$AD10),2) -> 0 | AF10: =MOD(SUM(AB$2*$Z10,AB$3*$AA10,AB$4*$AB10,AB$5*$AC10,AB$6*$AD10),2) -> 0 | AG10: =MOD(SUM(AC$2*$Z10,AC$3*$AA10,AC$4*$AB10,AC$5*$AC10,AC$6*$AD10),2) -> 0 | AH10: =MOD(SUM(AD$2*$Z10,AD$3*$AA10,AD$4*$AB10,AD$5*$AC10,AD$6*$AD10),2) -> 0 | AI10: =MOD(SUM(AE$2*$Z10,AE$3*$AA10,AE$4*$AB10,AE$5*$AC10,AE$6*$AD10),2) -> 1 | AJ10: =MOD(SUM(AF$2*$Z10,AF$3*$AA10,AF$4*$AB10,AF$5*$AC10,AF$6*$AD10),2) -> 1 | AK10: =MOD(SUM(AG$2*$Z10,AG$3*$AA10,AG$4*$AB10,AG$5*$AC10,AG$6*$AD10),2) -> 1 | AL10: =MOD(SUM(AH$2*$Z10,AH$3*$AA10,AH$4*$AB10,AH$5*$AC10,AH$6*$AD10),2) -> 0 | AM10: =MOD(SUM(AI$2*$Z10,AI$3*$AA10,AI$4*$AB10,AI$5*$AC10,AI$6*$AD10),2) -> 1 | AN10: =SUM(AE10:AM10) -> 4 | AP10: Py12 | AQ10: =AV24 -> 0.99921906 | AY10: 0 | AZ10: 1 | BA10: 1 | BB10: =MOD(SUM(AZ$2*$AY10,AZ$3*$AZ10,AZ$4*$BA10),2) -> 0 | BC10: =MOD(SUM(BA$2*$AY10,BA$3*$AZ10,BA$4*$BA10),2) -> 1 | BD10: =MOD(SUM(BB$2*$AY10,BB$3*$AZ10,BB$4*$BA10),2) -> 1 | BE10: =MOD(SUM(BC$2*$AY10,BC$3*$AZ10,BC$4*$BA10),2) -> 0 | BF10: =MOD(SUM(BD$2*$AY10,BD$3*$AZ10,BD$4*$BA10),2) -> 0 | BG10: =MOD(SUM(BE$2*$AY10,BE$3*$AZ10,BE$4*$BA10),2) -> 1 | BH10: =MOD(SUM(BF$2*$AY10,BF$3*$AZ10,BF$4*$BA10),2) -> 1 | BI10: =MOD(SUM(BG$2*$AY10,BG$3*$AZ10,BG$4*$BA10),2) -> 1 | BJ10: =MOD(SUM(BH$2*$AY10,BH$3*$AZ10,BH$4*$BA10),2) -> 1 | BK10: =SUM(BB10:BJ10) -> 6 | BM10: 0 | BN10: =COUNTIF($BK$7:$BK$14,BM10) -> 1 | BP10: 1 | BQ10: =$BN$2^BP10 -> 0.0106 | BR10: =(1-$BN$2)^(9-BP10) -> 0.91828026 | BS10: =BN11*BQ10*BR10 -> 0
B11: 0 | C11: 0 | D11: 1 | E11: 1 | F11: =MOD(SUM(C$2*$B11,C$3*$C11,C$4*$D11,C$5*$E11),2) -> 0 | G11: =MOD(SUM(D$2*$B11,D$3*$C11,D$4*$D11,D$5*$E11),2) -> 0 | H11: =MOD(SUM(E$2*$B11,E$3*$C11,E$4*$D11,E$5*$E11),2) -> 1 | I11: =MOD(SUM(F$2*$B11,F$3*$C11,F$4*$D11,F$5*$E11),2) -> 1 | J11: =MOD(SUM(G$2*$B11,G$3*$C11,G$4*$D11,G$5*$E11),2) -> 0 | K11: =MOD(SUM(H$2*$B11,H$3*$C11,H$4*$D11,H$5*$E11),2) -> 1 | L11: =MOD(SUM(I$2*$B11,I$3*$C11,I$4*$D11,I$5*$E11),2) -> 1 | M11: =MOD(SUM(J$2*$B11,J$3*$C11,J$4*$D11,J$5*$E11),2) -> 0 | N11: =MOD(SUM(K$2*$B11,K$3*$C11,K$4*$D11,K$5*$E11),2) -> 1 | O11: =SUM(F11:N11) -> 5 | Q11: Спектр кода | Z11: 0 | AA11: 0 | AB11: 0 | AC11: 1 | AD11: 0 | AE11: =MOD(SUM(AA$2*$Z11,AA$3*$AA11,AA$4*$AB11,AA$5*$AC11,AA$6*$AD11),2) -> 0 | AF11: =MOD(SUM(AB$2*$Z11,AB$3*$AA11,AB$4*$AB11,AB$5*$AC11,AB$6*$AD11),2) -> 0 | AG11: =MOD(SUM(AC$2*$Z11,AC$3*$AA11,AC$4*$AB11,AC$5*$AC11,AC$6*$AD11),2) -> 0 | AH11: =MOD(SUM(AD$2*$Z11,AD$3*$AA11,AD$4*$AB11,AD$5*$AC11,AD$6*$AD11),2) -> 1 | AI11: =MOD(SUM(AE$2*$Z11,AE$3*$AA11,AE$4*$AB11,AE$5*$AC11,AE$6*$AD11),2) -> 1 | AJ11: =MOD(SUM(AF$2*$Z11,AF$3*$AA11,AF$4*$AB11,AF$5*$AC11,AF$6*$AD11),2) -> 1 | AK11: =MOD(SUM(AG$2*$Z11,AG$3*$AA11,AG$4*$AB11,AG$5*$AC11,AG$6*$AD11),2) -> 0 | AL11: =MOD(SUM(AH$2*$Z11,AH$3*$AA11,AH$4*$AB11,AH$5*$AC11,AH$6*$AD11),2) -> 1 | AM11: =MOD(SUM(AI$2*$Z11,AI$3*$AA11,AI$4*$AB11,AI$5*$AC11,AI$6*$AD11),2) -> 1 | AN11: =SUM(AE11:AM11) -> 5 | AY11: 1 | AZ11: 0 | BA11: 0 | BB11: =MOD(SUM(AZ$2*$AY11,AZ$3*$AZ11,AZ$4*$BA11),2) -> 1 | BC11: =MOD(SUM(BA$2*$AY11,BA$3*$AZ11,BA$4*$BA11),2) -> 0 | BD11: =MOD(SUM(BB$2*$AY11,BB$3*$AZ11,BB$4*$BA11),2) -> 0 | BE11: =MOD(SUM(BC$2*$AY11,BC$3*$AZ11,BC$4*$BA11),2) -> 0 | BF11: =MOD(SUM(BD$2*$AY11,BD$3*$AZ11,BD$4*$BA11),2) -> 0 | BG11: =MOD(SUM(BE$2*$AY11,BE$3*$AZ11,BE$4*$BA11),2) -> 0 | BH11: =MOD(SUM(BF$2*$AY11,BF$3*$AZ11,BF$4*$BA11),2) -> 1 | BI11: =MOD(SUM(BG$2*$AY11,BG$3*$AZ11,BG$4*$BA11),2) -> 1 | BJ11: =MOD(SUM(BH$2*$AY11,BH$3*$AZ11,BH$4*$BA11),2) -> 0 | BK11: =SUM(BB11:BJ11) -> 3 | BM11: 1 | BN11: =COUNTIF($BK$7:$BK$14,BM11) -> 0 | BP11: 2 | BQ11: =$BN$2^BP11 -> 0.00011236 | BR11: =(1-$BN$2)^(9-BP11) -> 0.92811831 | BS11: =BN12*BQ11*BR11 -> 0
B12: 0 | C12: 1 | D12: 0 | E12: 0 | F12: =MOD(SUM(C$2*$B12,C$3*$C12,C$4*$D12,C$5*$E12),2) -> 0 | G12: =MOD(SUM(D$2*$B12,D$3*$C12,D$4*$D12,D$5*$E12),2) -> 1 | H12: =MOD(SUM(E$2*$B12,E$3*$C12,E$4*$D12,E$5*$E12),2) -> 0 | I12: =MOD(SUM(F$2*$B12,F$3*$C12,F$4*$D12,F$5*$E12),2) -> 0 | J12: =MOD(SUM(G$2*$B12,G$3*$C12,G$4*$D12,G$5*$E12),2) -> 1 | K12: =MOD(SUM(H$2*$B12,H$3*$C12,H$4*$D12,H$5*$E12),2) -> 1 | L12: =MOD(SUM(I$2*$B12,I$3*$C12,I$4*$D12,I$5*$E12),2) -> 0 | M12: =MOD(SUM(J$2*$B12,J$3*$C12,J$4*$D12,J$5*$E12),2) -> 0 | N12: =MOD(SUM(K$2*$B12,K$3*$C12,K$4*$D12,K$5*$E12),2) -> 1 | O12: =SUM(F12:N12) -> 4 | Q12: i | R12: Ai | T12: i | U12: p^i | V12: q^(n-i) | W12: Apq | Z12: 0 | AA12: 0 | AB12: 0 | AC12: 1 | AD12: 1 | AE12: =MOD(SUM(AA$2*$Z12,AA$3*$AA12,AA$4*$AB12,AA$5*$AC12,AA$6*$AD12),2) -> 0 | AF12: =MOD(SUM(AB$2*$Z12,AB$3*$AA12,AB$4*$AB12,AB$5*$AC12,AB$6*$AD12),2) -> 0 | AG12: =MOD(SUM(AC$2*$Z12,AC$3*$AA12,AC$4*$AB12,AC$5*$AC12,AC$6*$AD12),2) -> 0 | AH12: =MOD(SUM(AD$2*$Z12,AD$3*$AA12,AD$4*$AB12,AD$5*$AC12,AD$6*$AD12),2) -> 1 | AI12: =MOD(SUM(AE$2*$Z12,AE$3*$AA12,AE$4*$AB12,AE$5*$AC12,AE$6*$AD12),2) -> 0 | AJ12: =MOD(SUM(AF$2*$Z12,AF$3*$AA12,AF$4*$AB12,AF$5*$AC12,AF$6*$AD12),2) -> 0 | AK12: =MOD(SUM(AG$2*$Z12,AG$3*$AA12,AG$4*$AB12,AG$5*$AC12,AG$6*$AD12),2) -> 1 | AL12: =MOD(SUM(AH$2*$Z12,AH$3*$AA12,AH$4*$AB12,AH$5*$AC12,AH$6*$AD12),2) -> 1 | AM12: =MOD(SUM(AI$2*$Z12,AI$3*$AA12,AI$4*$AB12,AI$5*$AC12,AI$6*$AD12),2) -> 0 | AN12: =SUM(AE12:AM12) -> 3 | AP12: Спектр кода | AY12: 1 | AZ12: 0 | BA12: 1 | BB12: =MOD(SUM(AZ$2*$AY12,AZ$3*$AZ12,AZ$4*$BA12),2) -> 1 | BC12: =MOD(SUM(BA$2*$AY12,BA$3*$AZ12,BA$4*$BA12),2) -> 0 | BD12: =MOD(SUM(BB$2*$AY12,BB$3*$AZ12,BB$4*$BA12),2) -> 1 | BE12: =MOD(SUM(BC$2*$AY12,BC$3*$AZ12,BC$4*$BA12),2) -> 0 | BF12: =MOD(SUM(BD$2*$AY12,BD$3*$AZ12,BD$4*$BA12),2) -> 1 | BG12: =MOD(SUM(BE$2*$AY12,BE$3*$AZ12,BE$4*$BA12),2) -> 0 | BH12: =MOD(SUM(BF$2*$AY12,BF$3*$AZ12,BF$4*$BA12),2) -> 0 | BI12: =MOD(SUM(BG$2*$AY12,BG$3*$AZ12,BG$4*$BA12),2) -> 0 | BJ12: =MOD(SUM(BH$2*$AY12,BH$3*$AZ12,BH$4*$BA12),2) -> 0 | BK12: =SUM(BB12:BJ12) -> 3 | BM12: 2 | BN12: =COUNTIF($BK$7:$BK$14,BM12) -> 0 | BP12: 3 | BQ12: =$BN$2^BP12 -> 1.191016e-06 | BR12: =(1-$BN$2)^(9-BP12) -> 0.93806177 | BS12: =BN13*BQ12*BR12 -> 2.2344931e-06
B13: 0 | C13: 1 | D13: 0 | E13: 1 | F13: =MOD(SUM(C$2*$B13,C$3*$C13,C$4*$D13,C$5*$E13),2) -> 0 | G13: =MOD(SUM(D$2*$B13,D$3*$C13,D$4*$D13,D$5*$E13),2) -> 1 | H13: =MOD(SUM(E$2*$B13,E$3*$C13,E$4*$D13,E$5*$E13),2) -> 0 | I13: =MOD(SUM(F$2*$B13,F$3*$C13,F$4*$D13,F$5*$E13),2) -> 1 | J13: =MOD(SUM(G$2*$B13,G$3*$C13,G$4*$D13,G$5*$E13),2) -> 0 | K13: =MOD(SUM(H$2*$B13,H$3*$C13,H$4*$D13,H$5*$E13),2) -> 0 | L13: =MOD(SUM(I$2*$B13,I$3*$C13,I$4*$D13,I$5*$E13),2) -> 0 | M13: =MOD(SUM(J$2*$B13,J$3*$C13,J$4*$D13,J$5*$E13),2) -> 1 | N13: =MOD(SUM(K$2*$B13,K$3*$C13,K$4*$D13,K$5*$E13),2) -> 0 | O13: =SUM(F13:N13) -> 3 | Q13: 0 | R13: =COUNTIF($O$8:$O$23,Q13) -> 1 | T13: 1 | U13: =$R$5^T13 -> 0.0106 | V13: =(1-$R$5)^(9-T13) -> 0.91828026 | W13: =R14*U13*V13 -> 0 | Z13: 0 | AA13: 0 | AB13: 1 | AC13: 0 | AD13: 0 | AE13: =MOD(SUM(AA$2*$Z13,AA$3*$AA13,AA$4*$AB13,AA$5*$AC13,AA$6*$AD13),2) -> 0 | AF13: =MOD(SUM(AB$2*$Z13,AB$3*$AA13,AB$4*$AB13,AB$5*$AC13,AB$6*$AD13),2) -> 0 | AG13: =MOD(SUM(AC$2*$Z13,AC$3*$AA13,AC$4*$AB13,AC$5*$AC13,AC$6*$AD13),2) -> 1 | AH13: =MOD(SUM(AD$2*$Z13,AD$3*$AA13,AD$4*$AB13,AD$5*$AC13,AD$6*$AD13),2) -> 0 | AI13: =MOD(SUM(AE$2*$Z13,AE$3*$AA13,AE$4*$AB13,AE$5*$AC13,AE$6*$AD13),2) -> 1 | AJ13: =MOD(SUM(AF$2*$Z13,AF$3*$AA13,AF$4*$AB13,AF$5*$AC13,AF$6*$AD13),2) -> 0 | AK13: =MOD(SUM(AG$2*$Z13,AG$3*$AA13,AG$4*$AB13,AG$5*$AC13,AG$6*$AD13),2) -> 1 | AL13: =MOD(SUM(AH$2*$Z13,AH$3*$AA13,AH$4*$AB13,AH$5*$AC13,AH$6*$AD13),2) -> 1 | AM13: =MOD(SUM(AI$2*$Z13,AI$3*$AA13,AI$4*$AB13,AI$5*$AC13,AI$6*$AD13),2) -> 0 | AN13: =SUM(AE13:AM13) -> 4 | AP13: i | AQ13: Ai | AS13: i | AT13: p^i | AU13: q^(n-i) | AV13: Apq | AY13: 1 | AZ13: 1 | BA13: 0 | BB13: =MOD(SUM(AZ$2*$AY13,AZ$3*$AZ13,AZ$4*$BA13),2) -> 1 | BC13: =MOD(SUM(BA$2*$AY13,BA$3*$AZ13,BA$4*$BA13),2) -> 1 | BD13: =MOD(SUM(BB$2*$AY13,BB$3*$AZ13,BB$4*$BA13),2) -> 0 | BE13: =MOD(SUM(BC$2*$AY13,BC$3*$AZ13,BC$4*$BA13),2) -> 0 | BF13: =MOD(SUM(BD$2*$AY13,BD$3*$AZ13,BD$4*$BA13),2) -> 1 | BG13: =MOD(SUM(BE$2*$AY13,BE$3*$AZ13,BE$4*$BA13),2) -> 1 | BH13: =MOD(SUM(BF$2*$AY13,BF$3*$AZ13,BF$4*$BA13),2) -> 1 | BI13: =MOD(SUM(BG$2*$AY13,BG$3*$AZ13,BG$4*$BA13),2) -> 1 | BJ13: =MOD(SUM(BH$2*$AY13,BH$3*$AZ13,BH$4*$BA13),2) -> 1 | BK13: =SUM(BB13:BJ13) -> 7 | BM13: 3 | BN13: =COUNTIF($BK$7:$BK$14,BM13) -> 2 | BP13: 4 | BQ13: =$BN$2^BP13 -> 1.262477e-08 | BR13: =(1-$BN$2)^(9-BP13) -> 0.94811175 | BS13: =BN14*BQ13*BR13 -> 2.3939385e-08
B14: 0 | C14: 1 | D14: 1 | E14: 0 | F14: =MOD(SUM(C$2*$B14,C$3*$C14,C$4*$D14,C$5*$E14),2) -> 0 | G14: =MOD(SUM(D$2*$B14,D$3*$C14,D$4*$D14,D$5*$E14),2) -> 1 | H14: =MOD(SUM(E$2*$B14,E$3*$C14,E$4*$D14,E$5*$E14),2) -> 1 | I14: =MOD(SUM(F$2*$B14,F$3*$C14,F$4*$D14,F$5*$E14),2) -> 0 | J14: =MOD(SUM(G$2*$B14,G$3*$C14,G$4*$D14,G$5*$E14),2) -> 0 | K14: =MOD(SUM(H$2*$B14,H$3*$C14,H$4*$D14,H$5*$E14),2) -> 1 | L14: =MOD(SUM(I$2*$B14,I$3*$C14,I$4*$D14,I$5*$E14),2) -> 1 | M14: =MOD(SUM(J$2*$B14,J$3*$C14,J$4*$D14,J$5*$E14),2) -> 1 | N14: =MOD(SUM(K$2*$B14,K$3*$C14,K$4*$D14,K$5*$E14),2) -> 1 | O14: =SUM(F14:N14) -> 6 | Q14: 1 | R14: =COUNTIF($O$8:$O$23,Q14) -> 0 | T14: 2 | U14: =$R$5^T14 -> 0.00011236 | V14: =(1-$R$5)^(9-T14) -> 0.92811831 | W14: =R15*U14*V14 -> 0 | Z14: 0 | AA14: 0 | AB14: 1 | AC14: 0 | AD14: 1 | AE14: =MOD(SUM(AA$2*$Z14,AA$3*$AA14,AA$4*$AB14,AA$5*$AC14,AA$6*$AD14),2) -> 0 | AF14: =MOD(SUM(AB$2*$Z14,AB$3*$AA14,AB$4*$AB14,AB$5*$AC14,AB$6*$AD14),2) -> 0 | AG14: =MOD(SUM(AC$2*$Z14,AC$3*$AA14,AC$4*$AB14,AC$5*$AC14,AC$6*$AD14),2) -> 1 | AH14: =MOD(SUM(AD$2*$Z14,AD$3*$AA14,AD$4*$AB14,AD$5*$AC14,AD$6*$AD14),2) -> 0 | AI14: =MOD(SUM(AE$2*$Z14,AE$3*$AA14,AE$4*$AB14,AE$5*$AC14,AE$6*$AD14),2) -> 0 | AJ14: =MOD(SUM(AF$2*$Z14,AF$3*$AA14,AF$4*$AB14,AF$5*$AC14,AF$6*$AD14),2) -> 1 | AK14: =MOD(SUM(AG$2*$Z14,AG$3*$AA14,AG$4*$AB14,AG$5*$AC14,AG$6*$AD14),2) -> 0 | AL14: =MOD(SUM(AH$2*$Z14,AH$3*$AA14,AH$4*$AB14,AH$5*$AC14,AH$6*$AD14),2) -> 1 | AM14: =MOD(SUM(AI$2*$Z14,AI$3*$AA14,AI$4*$AB14,AI$5*$AC14,AI$6*$AD14),2) -> 1 | AN14: =SUM(AE14:AM14) -> 4 | AP14: 0 | AQ14: =COUNTIF($AN$9:$AN$40,AP14) -> 1 | AS14: 1 | AT14: =$AQ$6^AS14 -> 0.0206 | AU14: =(1-$AQ$6)^(9-AS14) -> 0.84660494 | AV14: =AQ15*AT14*AU14 -> 0 | AY14: 1 | AZ14: 1 | BA14: 1 | BB14: =MOD(SUM(AZ$2*$AY14,AZ$3*$AZ14,AZ$4*$BA14),2) -> 1 | BC14: =MOD(SUM(BA$2*$AY14,BA$3*$AZ14,BA$4*$BA14),2) -> 1 | BD14: =MOD(SUM(BB$2*$AY14,BB$3*$AZ14,BB$4*$BA14),2) -> 1 | BE14: =MOD(SUM(BC$2*$AY14,BC$3*$AZ14,BC$4*$BA14),2) -> 0 | BF14: =MOD(SUM(BD$2*$AY14,BD$3*$AZ14,BD$4*$BA14),2) -> 0 | BG14: =MOD(SUM(BE$2*$AY14,BE$3*$AZ14,BE$4*$BA14),2) -> 1 | BH14: =MOD(SUM(BF$2*$AY14,BF$3*$AZ14,BF$4*$BA14),2) -> 0 | BI14: =MOD(SUM(BG$2*$AY14,BG$3*$AZ14,BG$4*$BA14),2) -> 0 | BJ14: =MOD(SUM(BH$2*$AY14,BH$3*$AZ14,BH$4*$BA14),2) -> 1 | BK14: =SUM(BB14:BJ14) -> 5 | BM14: 4 | BN14: =COUNTIF($BK$7:$BK$14,BM14) -> 2 | BP14: 5 | BQ14: =$BN$2^BP14 -> 1.3382256e-10 | BR14: =(1-$BN$2)^(9-BP14) -> 0.95826941 | BS14: =BN15*BQ14*BR14 -> 1.2823806e-10
B15: 0 | C15: 1 | D15: 1 | E15: 1 | F15: =MOD(SUM(C$2*$B15,C$3*$C15,C$4*$D15,C$5*$E15),2) -> 0 | G15: =MOD(SUM(D$2*$B15,D$3*$C15,D$4*$D15,D$5*$E15),2) -> 1 | H15: =MOD(SUM(E$2*$B15,E$3*$C15,E$4*$D15,E$5*$E15),2) -> 1 | I15: =MOD(SUM(F$2*$B15,F$3*$C15,F$4*$D15,F$5*$E15),2) -> 1 | J15: =MOD(SUM(G$2*$B15,G$3*$C15,G$4*$D15,G$5*$E15),2) -> 1 | K15: =MOD(SUM(H$2*$B15,H$3*$C15,H$4*$D15,H$5*$E15),2) -> 0 | L15: =MOD(SUM(I$2*$B15,I$3*$C15,I$4*$D15,I$5*$E15),2) -> 1 | M15: =MOD(SUM(J$2*$B15,J$3*$C15,J$4*$D15,J$5*$E15),2) -> 0 | N15: =MOD(SUM(K$2*$B15,K$3*$C15,K$4*$D15,K$5*$E15),2) -> 0 | O15: =SUM(F15:N15) -> 5 | Q15: 2 | R15: =COUNTIF($O$8:$O$23,Q15) -> 0 | T15: 3 | U15: =$R$5^T15 -> 1.191016e-06 | V15: =(1-$R$5)^(9-T15) -> 0.93806177 | W15: =R16*U15*V15 -> 3.3517397e-06 | Z15: 0 | AA15: 0 | AB15: 1 | AC15: 1 | AD15: 0 | AE15: =MOD(SUM(AA$2*$Z15,AA$3*$AA15,AA$4*$AB15,AA$5*$AC15,AA$6*$AD15),2) -> 0 | AF15: =MOD(SUM(AB$2*$Z15,AB$3*$AA15,AB$4*$AB15,AB$5*$AC15,AB$6*$AD15),2) -> 0 | AG15: =MOD(SUM(AC$2*$Z15,AC$3*$AA15,AC$4*$AB15,AC$5*$AC15,AC$6*$AD15),2) -> 1 | AH15: =MOD(SUM(AD$2*$Z15,AD$3*$AA15,AD$4*$AB15,AD$5*$AC15,AD$6*$AD15),2) -> 1 | AI15: =MOD(SUM(AE$2*$Z15,AE$3*$AA15,AE$4*$AB15,AE$5*$AC15,AE$6*$AD15),2) -> 0 | AJ15: =MOD(SUM(AF$2*$Z15,AF$3*$AA15,AF$4*$AB15,AF$5*$AC15,AF$6*$AD15),2) -> 1 | AK15: =MOD(SUM(AG$2*$Z15,AG$3*$AA15,AG$4*$AB15,AG$5*$AC15,AG$6*$AD15),2) -> 1 | AL15: =MOD(SUM(AH$2*$Z15,AH$3*$AA15,AH$4*$AB15,AH$5*$AC15,AH$6*$AD15),2) -> 0 | AM15: =MOD(SUM(AI$2*$Z15,AI$3*$AA15,AI$4*$AB15,AI$5*$AC15,AI$6*$AD15),2) -> 1 | AN15: =SUM(AE15:AM15) -> 5 | AP15: 1 | AQ15: =COUNTIF($AN$9:$AN$40,AP15) -> 0 | AS15: 2 | AT15: =$AQ$6^AS15 -> 0.00042436 | AU15: =(1-$AQ$6)^(9-AS15) -> 0.86441182 | AV15: =AQ16*AT15*AU15 -> 0.0007336436 | BM15: 5 | BN15: =COUNTIF($BK$7:$BK$14,BM15) -> 1 | BP15: 6 | BQ15: =$BN$2^BP15 -> 1.4185191e-12 | BR15: =(1-$BN$2)^(9-BP15) -> 0.96853589 | BS15: =BN16*BQ15*BR15 -> 1.3738867e-12
B16: 1 | C16: 0 | D16: 0 | E16: 0 | F16: =MOD(SUM(C$2*$B16,C$3*$C16,C$4*$D16,C$5*$E16),2) -> 1 | G16: =MOD(SUM(D$2*$B16,D$3*$C16,D$4*$D16,D$5*$E16),2) -> 0 | H16: =MOD(SUM(E$2*$B16,E$3*$C16,E$4*$D16,E$5*$E16),2) -> 0 | I16: =MOD(SUM(F$2*$B16,F$3*$C16,F$4*$D16,F$5*$E16),2) -> 0 | J16: =MOD(SUM(G$2*$B16,G$3*$C16,G$4*$D16,G$5*$E16),2) -> 0 | K16: =MOD(SUM(H$2*$B16,H$3*$C16,H$4*$D16,H$5*$E16),2) -> 0 | L16: =MOD(SUM(I$2*$B16,I$3*$C16,I$4*$D16,I$5*$E16),2) -> 1 | M16: =MOD(SUM(J$2*$B16,J$3*$C16,J$4*$D16,J$5*$E16),2) -> 1 | N16: =MOD(SUM(K$2*$B16,K$3*$C16,K$4*$D16,K$5*$E16),2) -> 0 | O16: =SUM(F16:N16) -> 3 | Q16: 3 | R16: =COUNTIF($O$8:$O$23,Q16) -> 3 | T16: 4 | U16: =$R$5^T16 -> 1.262477e-08 | V16: =(1-$R$5)^(9-T16) -> 0.94811175 | W16: =R17*U16*V16 -> 3.5909077e-08 | Z16: 0 | AA16: 0 | AB16: 1 | AC16: 1 | AD16: 1 | AE16: =MOD(SUM(AA$2*$Z16,AA$3*$AA16,AA$4*$AB16,AA$5*$AC16,AA$6*$AD16),2) -> 0 | AF16: =MOD(SUM(AB$2*$Z16,AB$3*$AA16,AB$4*$AB16,AB$5*$AC16,AB$6*$AD16),2) -> 0 | AG16: =MOD(SUM(AC$2*$Z16,AC$3*$AA16,AC$4*$AB16,AC$5*$AC16,AC$6*$AD16),2) -> 1 | AH16: =MOD(SUM(AD$2*$Z16,AD$3*$AA16,AD$4*$AB16,AD$5*$AC16,AD$6*$AD16),2) -> 1 | AI16: =MOD(SUM(AE$2*$Z16,AE$3*$AA16,AE$4*$AB16,AE$5*$AC16,AE$6*$AD16),2) -> 1 | AJ16: =MOD(SUM(AF$2*$Z16,AF$3*$AA16,AF$4*$AB16,AF$5*$AC16,AF$6*$AD16),2) -> 0 | AK16: =MOD(SUM(AG$2*$Z16,AG$3*$AA16,AG$4*$AB16,AG$5*$AC16,AG$6*$AD16),2) -> 0 | AL16: =MOD(SUM(AH$2*$Z16,AH$3*$AA16,AH$4*$AB16,AH$5*$AC16,AH$6*$AD16),2) -> 0 | AM16: =MOD(SUM(AI$2*$Z16,AI$3*$AA16,AI$4*$AB16,AI$5*$AC16,AI$6*$AD16),2) -> 0 | AN16: =SUM(AE16:AM16) -> 3 | AP16: 2 | AQ16: =COUNTIF($AN$9:$AN$40,AP16) -> 2 | AS16: 3 | AT16: =$AQ$6^AS16 -> 8.741816e-06 | AU16: =(1-$AQ$6)^(9-AS16) -> 0.88259324 | AV16: =AQ17*AT16*AU16 -> 4.6292806e-05 | BM16: 6 | BN16: =COUNTIF($BK$7:$BK$14,BM16) -> 1 | BP16: 7 | BQ16: =$BN$2^BP16 -> 1.5036303e-14 | BR16: =(1-$BN$2)^(9-BP16) -> 0.97891236 | BS16: =BN17*BQ16*BR16 -> 1.4719222e-14
B17: 1 | C17: 0 | D17: 0 | E17: 1 | F17: =MOD(SUM(C$2*$B17,C$3*$C17,C$4*$D17,C$5*$E17),2) -> 1 | G17: =MOD(SUM(D$2*$B17,D$3*$C17,D$4*$D17,D$5*$E17),2) -> 0 | H17: =MOD(SUM(E$2*$B17,E$3*$C17,E$4*$D17,E$5*$E17),2) -> 0 | I17: =MOD(SUM(F$2*$B17,F$3*$C17,F$4*$D17,F$5*$E17),2) -> 1 | J17: =MOD(SUM(G$2*$B17,G$3*$C17,G$4*$D17,G$5*$E17),2) -> 1 | K17: =MOD(SUM(H$2*$B17,H$3*$C17,H$4*$D17,H$5*$E17),2) -> 1 | L17: =MOD(SUM(I$2*$B17,I$3*$C17,I$4*$D17,I$5*$E17),2) -> 1 | M17: =MOD(SUM(J$2*$B17,J$3*$C17,J$4*$D17,J$5*$E17),2) -> 0 | N17: =MOD(SUM(K$2*$B17,K$3*$C17,K$4*$D17,K$5*$E17),2) -> 1 | O17: =SUM(F17:N17) -> 6 | Q17: 4 | R17: =COUNTIF($O$8:$O$23,Q17) -> 3 | T17: 5 | U17: =$R$5^T17 -> 1.3382256e-10 | V17: =(1-$R$5)^(9-T17) -> 0.95826941 | W17: =R18*U17*V17 -> 5.1295225e-10 | Z17: 0 | AA17: 1 | AB17: 0 | AC17: 0 | AD17: 0 | AE17: =MOD(SUM(AA$2*$Z17,AA$3*$AA17,AA$4*$AB17,AA$5*$AC17,AA$6*$AD17),2) -> 0 | AF17: =MOD(SUM(AB$2*$Z17,AB$3*$AA17,AB$4*$AB17,AB$5*$AC17,AB$6*$AD17),2) -> 1 | AG17: =MOD(SUM(AC$2*$Z17,AC$3*$AA17,AC$4*$AB17,AC$5*$AC17,AC$6*$AD17),2) -> 0 | AH17: =MOD(SUM(AD$2*$Z17,AD$3*$AA17,AD$4*$AB17,AD$5*$AC17,AD$6*$AD17),2) -> 0 | AI17: =MOD(SUM(AE$2*$Z17,AE$3*$AA17,AE$4*$AB17,AE$5*$AC17,AE$6*$AD17),2) -> 1 | AJ17: =MOD(SUM(AF$2*$Z17,AF$3*$AA17,AF$4*$AB17,AF$5*$AC17,AF$6*$AD17),2) -> 1 | AK17: =MOD(SUM(AG$2*$Z17,AG$3*$AA17,AG$4*$AB17,AG$5*$AC17,AG$6*$AD17),2) -> 0 | AL17: =MOD(SUM(AH$2*$Z17,AH$3*$AA17,AH$4*$AB17,AH$5*$AC17,AH$6*$AD17),2) -> 0 | AM17: =MOD(SUM(AI$2*$Z17,AI$3*$AA17,AI$4*$AB17,AI$5*$AC17,AI$6*$AD17),2) -> 1 | AN17: =SUM(AE17:AM17) -> 4 | AP17: 3 | AQ17: =COUNTIF($AN$9:$AN$40,AP17) -> 6 | AS17: 4 | AT17: =$AQ$6^AS17 -> 1.8008141e-07 | AU17: =(1-$AQ$6)^(9-AS17) -> 0.90115708 | AV17: =AQ18*AT17*AU17 -> 9.7368982e-07 | BM17: 7 | BN17: =COUNTIF($BK$7:$BK$14,BM17) -> 1 | BP17: 8 | BQ17: =$BN$2^BP17 -> 1.5938481e-16 | BR17: =(1-$BN$2)^(9-BP17) -> 0.9894 | BS17: =BN18*BQ17*BR17 -> 0
B18: 1 | C18: 0 | D18: 1 | E18: 0 | F18: =MOD(SUM(C$2*$B18,C$3*$C18,C$4*$D18,C$5*$E18),2) -> 1 | G18: =MOD(SUM(D$2*$B18,D$3*$C18,D$4*$D18,D$5*$E18),2) -> 0 | H18: =MOD(SUM(E$2*$B18,E$3*$C18,E$4*$D18,E$5*$E18),2) -> 1 | I18: =MOD(SUM(F$2*$B18,F$3*$C18,F$4*$D18,F$5*$E18),2) -> 0 | J18: =MOD(SUM(G$2*$B18,G$3*$C18,G$4*$D18,G$5*$E18),2) -> 1 | K18: =MOD(SUM(H$2*$B18,H$3*$C18,H$4*$D18,H$5*$E18),2) -> 0 | L18: =MOD(SUM(I$2*$B18,I$3*$C18,I$4*$D18,I$5*$E18),2) -> 0 | M18: =MOD(SUM(J$2*$B18,J$3*$C18,J$4*$D18,J$5*$E18),2) -> 0 | N18: =MOD(SUM(K$2*$B18,K$3*$C18,K$4*$D18,K$5*$E18),2) -> 0 | O18: =SUM(F18:N18) -> 3 | Q18: 5 | R18: =COUNTIF($O$8:$O$23,Q18) -> 4 | T18: 6 | U18: =$R$5^T18 -> 1.4185191e-12 | V18: =(1-$R$5)^(9-T18) -> 0.96853589 | W18: =R19*U18*V18 -> 5.4955467e-12 | Z18: 0 | AA18: 1 | AB18: 0 | AC18: 0 | AD18: 1 | AE18: =MOD(SUM(AA$2*$Z18,AA$3*$AA18,AA$4*$AB18,AA$5*$AC18,AA$6*$AD18),2) -> 0 | AF18: =MOD(SUM(AB$2*$Z18,AB$3*$AA18,AB$4*$AB18,AB$5*$AC18,AB$6*$AD18),2) -> 1 | AG18: =MOD(SUM(AC$2*$Z18,AC$3*$AA18,AC$4*$AB18,AC$5*$AC18,AC$6*$AD18),2) -> 0 | AH18: =MOD(SUM(AD$2*$Z18,AD$3*$AA18,AD$4*$AB18,AD$5*$AC18,AD$6*$AD18),2) -> 0 | AI18: =MOD(SUM(AE$2*$Z18,AE$3*$AA18,AE$4*$AB18,AE$5*$AC18,AE$6*$AD18),2) -> 0 | AJ18: =MOD(SUM(AF$2*$Z18,AF$3*$AA18,AF$4*$AB18,AF$5*$AC18,AF$6*$AD18),2) -> 0 | AK18: =MOD(SUM(AG$2*$Z18,AG$3*$AA18,AG$4*$AB18,AG$5*$AC18,AG$6*$AD18),2) -> 1 | AL18: =MOD(SUM(AH$2*$Z18,AH$3*$AA18,AH$4*$AB18,AH$5*$AC18,AH$6*$AD18),2) -> 0 | AM18: =MOD(SUM(AI$2*$Z18,AI$3*$AA18,AI$4*$AB18,AI$5*$AC18,AI$6*$AD18),2) -> 0 | AN18: =SUM(AE18:AM18) -> 2 | AP18: 4 | AQ18: =COUNTIF($AN$9:$AN$40,AP18) -> 6 | AS18: 5 | AT18: =$AQ$6^AS18 -> 3.709677e-09 | AU18: =(1-$AQ$6)^(9-AS18) -> 0.92011137 | AV18: =AQ19*AT18*AU18 -> 2.7306528e-08 | BM18: 8 | BN18: =COUNTIF($BK$7:$BK$14,BM18) -> 0 | BP18: 9 | BQ18: =$BN$2^BP18 -> 1.689479e-18 | BR18: =(1-$BN$2)^(9-BP18) -> 1 | BS18: =BN19*BQ18*BR18 -> 0
B19: 1 | C19: 0 | D19: 1 | E19: 1 | F19: =MOD(SUM(C$2*$B19,C$3*$C19,C$4*$D19,C$5*$E19),2) -> 1 | G19: =MOD(SUM(D$2*$B19,D$3*$C19,D$4*$D19,D$5*$E19),2) -> 0 | H19: =MOD(SUM(E$2*$B19,E$3*$C19,E$4*$D19,E$5*$E19),2) -> 1 | I19: =MOD(SUM(F$2*$B19,F$3*$C19,F$4*$D19,F$5*$E19),2) -> 1 | J19: =MOD(SUM(G$2*$B19,G$3*$C19,G$4*$D19,G$5*$E19),2) -> 0 | K19: =MOD(SUM(H$2*$B19,H$3*$C19,H$4*$D19,H$5*$E19),2) -> 1 | L19: =MOD(SUM(I$2*$B19,I$3*$C19,I$4*$D19,I$5*$E19),2) -> 0 | M19: =MOD(SUM(J$2*$B19,J$3*$C19,J$4*$D19,J$5*$E19),2) -> 1 | N19: =MOD(SUM(K$2*$B19,K$3*$C19,K$4*$D19,K$5*$E19),2) -> 1 | O19: =SUM(F19:N19) -> 6 | Q19: 6 | R19: =COUNTIF($O$8:$O$23,Q19) -> 4 | T19: 7 | U19: =$R$5^T19 -> 1.5036303e-14 | V19: =(1-$R$5)^(9-T19) -> 0.97891236 | W19: =R20*U19*V19 -> 1.4719222e-14 | Z19: 0 | AA19: 1 | AB19: 0 | AC19: 1 | AD19: 0 | AE19: =MOD(SUM(AA$2*$Z19,AA$3*$AA19,AA$4*$AB19,AA$5*$AC19,AA$6*$AD19),2) -> 0 | AF19: =MOD(SUM(AB$2*$Z19,AB$3*$AA19,AB$4*$AB19,AB$5*$AC19,AB$6*$AD19),2) -> 1 | AG19: =MOD(SUM(AC$2*$Z19,AC$3*$AA19,AC$4*$AB19,AC$5*$AC19,AC$6*$AD19),2) -> 0 | AH19: =MOD(SUM(AD$2*$Z19,AD$3*$AA19,AD$4*$AB19,AD$5*$AC19,AD$6*$AD19),2) -> 1 | AI19: =MOD(SUM(AE$2*$Z19,AE$3*$AA19,AE$4*$AB19,AE$5*$AC19,AE$6*$AD19),2) -> 0 | AJ19: =MOD(SUM(AF$2*$Z19,AF$3*$AA19,AF$4*$AB19,AF$5*$AC19,AF$6*$AD19),2) -> 0 | AK19: =MOD(SUM(AG$2*$Z19,AG$3*$AA19,AG$4*$AB19,AG$5*$AC19,AG$6*$AD19),2) -> 0 | AL19: =MOD(SUM(AH$2*$Z19,AH$3*$AA19,AH$4*$AB19,AH$5*$AC19,AH$6*$AD19),2) -> 1 | AM19: =MOD(SUM(AI$2*$Z19,AI$3*$AA19,AI$4*$AB19,AI$5*$AC19,AI$6*$AD19),2) -> 0 | AN19: =SUM(AE19:AM19) -> 3 | AP19: 5 | AQ19: =COUNTIF($AN$9:$AN$40,AP19) -> 8 | AS19: 6 | AT19: =$AQ$6^AS19 -> 7.6419347e-11 | AU19: =(1-$AQ$6)^(9-AS19) -> 0.93946434 | AV19: =AQ20*AT19*AU19 -> 4.3075951e-10 | BM19: 9 | BN19: =COUNTIF($BK$7:$BK$14,BM19) -> 0 | BR19: Pно | BS19: =SUM(BS10:BS18) -> 2.2585622e-06
B20: 1 | C20: 1 | D20: 0 | E20: 0 | F20: =MOD(SUM(C$2*$B20,C$3*$C20,C$4*$D20,C$5*$E20),2) -> 1 | G20: =MOD(SUM(D$2*$B20,D$3*$C20,D$4*$D20,D$5*$E20),2) -> 1 | H20: =MOD(SUM(E$2*$B20,E$3*$C20,E$4*$D20,E$5*$E20),2) -> 0 | I20: =MOD(SUM(F$2*$B20,F$3*$C20,F$4*$D20,F$5*$E20),2) -> 0 | J20: =MOD(SUM(G$2*$B20,G$3*$C20,G$4*$D20,G$5*$E20),2) -> 1 | K20: =MOD(SUM(H$2*$B20,H$3*$C20,H$4*$D20,H$5*$E20),2) -> 1 | L20: =MOD(SUM(I$2*$B20,I$3*$C20,I$4*$D20,I$5*$E20),2) -> 1 | M20: =MOD(SUM(J$2*$B20,J$3*$C20,J$4*$D20,J$5*$E20),2) -> 1 | N20: =MOD(SUM(K$2*$B20,K$3*$C20,K$4*$D20,K$5*$E20),2) -> 1 | O20: =SUM(F20:N20) -> 7 | Q20: 7 | R20: =COUNTIF($O$8:$O$23,Q20) -> 1 | T20: 8 | U20: =$R$5^T20 -> 1.5938481e-16 | V20: =(1-$R$5)^(9-T20) -> 0.9894 | W20: =R21*U20*V20 -> 0 | Z20: 0 | AA20: 1 | AB20: 0 | AC20: 1 | AD20: 1 | AE20: =MOD(SUM(AA$2*$Z20,AA$3*$AA20,AA$4*$AB20,AA$5*$AC20,AA$6*$AD20),2) -> 0 | AF20: =MOD(SUM(AB$2*$Z20,AB$3*$AA20,AB$4*$AB20,AB$5*$AC20,AB$6*$AD20),2) -> 1 | AG20: =MOD(SUM(AC$2*$Z20,AC$3*$AA20,AC$4*$AB20,AC$5*$AC20,AC$6*$AD20),2) -> 0 | AH20: =MOD(SUM(AD$2*$Z20,AD$3*$AA20,AD$4*$AB20,AD$5*$AC20,AD$6*$AD20),2) -> 1 | AI20: =MOD(SUM(AE$2*$Z20,AE$3*$AA20,AE$4*$AB20,AE$5*$AC20,AE$6*$AD20),2) -> 1 | AJ20: =MOD(SUM(AF$2*$Z20,AF$3*$AA20,AF$4*$AB20,AF$5*$AC20,AF$6*$AD20),2) -> 1 | AK20: =MOD(SUM(AG$2*$Z20,AG$3*$AA20,AG$4*$AB20,AG$5*$AC20,AG$6*$AD20),2) -> 1 | AL20: =MOD(SUM(AH$2*$Z20,AH$3*$AA20,AH$4*$AB20,AH$5*$AC20,AH$6*$AD20),2) -> 1 | AM20: =MOD(SUM(AI$2*$Z20,AI$3*$AA20,AI$4*$AB20,AI$5*$AC20,AI$6*$AD20),2) -> 1 | AN20: =SUM(AE20:AM20) -> 7 | AP20: 6 | AQ20: =COUNTIF($AN$9:$AN$40,AP20) -> 6 | AS20: 7 | AT20: =$AQ$6^AS20 -> 1.5742385e-12 | AU20: =(1-$AQ$6)^(9-AS20) -> 0.95922436 | AV20: =AQ21*AT20*AU20 -> 3.0200959e-12 | BM20: Контроль | BN20: =SUM(BN10:BN19) -> 8 | BR20: Pо | BS20: =1-BS19 -> 0.99999774
B21: 1 | C21: 1 | D21: 0 | E21: 1 | F21: =MOD(SUM(C$2*$B21,C$3*$C21,C$4*$D21,C$5*$E21),2) -> 1 | G21: =MOD(SUM(D$2*$B21,D$3*$C21,D$4*$D21,D$5*$E21),2) -> 1 | H21: =MOD(SUM(E$2*$B21,E$3*$C21,E$4*$D21,E$5*$E21),2) -> 0 | I21: =MOD(SUM(F$2*$B21,F$3*$C21,F$4*$D21,F$5*$E21),2) -> 1 | J21: =MOD(SUM(G$2*$B21,G$3*$C21,G$4*$D21,G$5*$E21),2) -> 0 | K21: =MOD(SUM(H$2*$B21,H$3*$C21,H$4*$D21,H$5*$E21),2) -> 0 | L21: =MOD(SUM(I$2*$B21,I$3*$C21,I$4*$D21,I$5*$E21),2) -> 1 | M21: =MOD(SUM(J$2*$B21,J$3*$C21,J$4*$D21,J$5*$E21),2) -> 0 | N21: =MOD(SUM(K$2*$B21,K$3*$C21,K$4*$D21,K$5*$E21),2) -> 0 | O21: =SUM(F21:N21) -> 4 | Q21: 8 | R21: =COUNTIF($O$8:$O$23,Q21) -> 0 | T21: 9 | U21: =$R$5^T21 -> 1.689479e-18 | V21: =(1-$R$5)^(9-T21) -> 1 | W21: =R22*U21*V21 -> 0 | Z21: 0 | AA21: 1 | AB21: 1 | AC21: 0 | AD21: 0 | AE21: =MOD(SUM(AA$2*$Z21,AA$3*$AA21,AA$4*$AB21,AA$5*$AC21,AA$6*$AD21),2) -> 0 | AF21: =MOD(SUM(AB$2*$Z21,AB$3*$AA21,AB$4*$AB21,AB$5*$AC21,AB$6*$AD21),2) -> 1 | AG21: =MOD(SUM(AC$2*$Z21,AC$3*$AA21,AC$4*$AB21,AC$5*$AC21,AC$6*$AD21),2) -> 1 | AH21: =MOD(SUM(AD$2*$Z21,AD$3*$AA21,AD$4*$AB21,AD$5*$AC21,AD$6*$AD21),2) -> 0 | AI21: =MOD(SUM(AE$2*$Z21,AE$3*$AA21,AE$4*$AB21,AE$5*$AC21,AE$6*$AD21),2) -> 0 | AJ21: =MOD(SUM(AF$2*$Z21,AF$3*$AA21,AF$4*$AB21,AF$5*$AC21,AF$6*$AD21),2) -> 1 | AK21: =MOD(SUM(AG$2*$Z21,AG$3*$AA21,AG$4*$AB21,AG$5*$AC21,AG$6*$AD21),2) -> 1 | AL21: =MOD(SUM(AH$2*$Z21,AH$3*$AA21,AH$4*$AB21,AH$5*$AC21,AH$6*$AD21),2) -> 1 | AM21: =MOD(SUM(AI$2*$Z21,AI$3*$AA21,AI$4*$AB21,AI$5*$AC21,AI$6*$AD21),2) -> 1 | AN21: =SUM(AE21:AM21) -> 6 | AP21: 7 | AQ21: =COUNTIF($AN$9:$AN$40,AP21) -> 2 | AS21: 8 | AT21: =$AQ$6^AS21 -> 3.2429314e-14 | AU21: =(1-$AQ$6)^(9-AS21) -> 0.9794 | AV21: =AQ22*AT21*AU21 -> 3.176127e-14
B22: 1 | C22: 1 | D22: 1 | E22: 0 | F22: =MOD(SUM(C$2*$B22,C$3*$C22,C$4*$D22,C$5*$E22),2) -> 1 | G22: =MOD(SUM(D$2*$B22,D$3*$C22,D$4*$D22,D$5*$E22),2) -> 1 | H22: =MOD(SUM(E$2*$B22,E$3*$C22,E$4*$D22,E$5*$E22),2) -> 1 | I22: =MOD(SUM(F$2*$B22,F$3*$C22,F$4*$D22,F$5*$E22),2) -> 0 | J22: =MOD(SUM(G$2*$B22,G$3*$C22,G$4*$D22,G$5*$E22),2) -> 0 | K22: =MOD(SUM(H$2*$B22,H$3*$C22,H$4*$D22,H$5*$E22),2) -> 1 | L22: =MOD(SUM(I$2*$B22,I$3*$C22,I$4*$D22,I$5*$E22),2) -> 0 | M22: =MOD(SUM(J$2*$B22,J$3*$C22,J$4*$D22,J$5*$E22),2) -> 0 | N22: =MOD(SUM(K$2*$B22,K$3*$C22,K$4*$D22,K$5*$E22),2) -> 1 | O22: =SUM(F22:N22) -> 5 | Q22: 9 | R22: =COUNTIF($O$8:$O$23,Q22) -> 0 | V22: Pно | W22: =SUM(W13:W21) -> 3.3881673e-06 | Z22: 0 | AA22: 1 | AB22: 1 | AC22: 0 | AD22: 1 | AE22: =MOD(SUM(AA$2*$Z22,AA$3*$AA22,AA$4*$AB22,AA$5*$AC22,AA$6*$AD22),2) -> 0 | AF22: =MOD(SUM(AB$2*$Z22,AB$3*$AA22,AB$4*$AB22,AB$5*$AC22,AB$6*$AD22),2) -> 1 | AG22: =MOD(SUM(AC$2*$Z22,AC$3*$AA22,AC$4*$AB22,AC$5*$AC22,AC$6*$AD22),2) -> 1 | AH22: =MOD(SUM(AD$2*$Z22,AD$3*$AA22,AD$4*$AB22,AD$5*$AC22,AD$6*$AD22),2) -> 0 | AI22: =MOD(SUM(AE$2*$Z22,AE$3*$AA22,AE$4*$AB22,AE$5*$AC22,AE$6*$AD22),2) -> 1 | AJ22: =MOD(SUM(AF$2*$Z22,AF$3*$AA22,AF$4*$AB22,AF$5*$AC22,AF$6*$AD22),2) -> 0 | AK22: =MOD(SUM(AG$2*$Z22,AG$3*$AA22,AG$4*$AB22,AG$5*$AC22,AG$6*$AD22),2) -> 0 | AL22: =MOD(SUM(AH$2*$Z22,AH$3*$AA22,AH$4*$AB22,AH$5*$AC22,AH$6*$AD22),2) -> 1 | AM22: =MOD(SUM(AI$2*$Z22,AI$3*$AA22,AI$4*$AB22,AI$5*$AC22,AI$6*$AD22),2) -> 0 | AN22: =SUM(AE22:AM22) -> 4 | AP22: 8 | AQ22: =COUNTIF($AN$9:$AN$40,AP22) -> 1 | AS22: 9 | AT22: =$AQ$6^AS22 -> 6.6804387e-16 | AU22: =(1-$AQ$6)^(9-AS22) -> 1 | AV22: =AQ23*AT22*AU22 -> 0
B23: 1 | C23: 1 | D23: 1 | E23: 1 | F23: =MOD(SUM(C$2*$B23,C$3*$C23,C$4*$D23,C$5*$E23),2) -> 1 | G23: =MOD(SUM(D$2*$B23,D$3*$C23,D$4*$D23,D$5*$E23),2) -> 1 | H23: =MOD(SUM(E$2*$B23,E$3*$C23,E$4*$D23,E$5*$E23),2) -> 1 | I23: =MOD(SUM(F$2*$B23,F$3*$C23,F$4*$D23,F$5*$E23),2) -> 1 | J23: =MOD(SUM(G$2*$B23,G$3*$C23,G$4*$D23,G$5*$E23),2) -> 1 | K23: =MOD(SUM(H$2*$B23,H$3*$C23,H$4*$D23,H$5*$E23),2) -> 0 | L23: =MOD(SUM(I$2*$B23,I$3*$C23,I$4*$D23,I$5*$E23),2) -> 0 | M23: =MOD(SUM(J$2*$B23,J$3*$C23,J$4*$D23,J$5*$E23),2) -> 1 | N23: =MOD(SUM(K$2*$B23,K$3*$C23,K$4*$D23,K$5*$E23),2) -> 0 | O23: =SUM(F23:N23) -> 6 | Q23: Контроль | R23: =SUM(R13:R22) -> 16 | V23: Pо | W23: =1-W22 -> 0.99999661 | Z23: 0 | AA23: 1 | AB23: 1 | AC23: 1 | AD23: 0 | AE23: =MOD(SUM(AA$2*$Z23,AA$3*$AA23,AA$4*$AB23,AA$5*$AC23,AA$6*$AD23),2) -> 0 | AF23: =MOD(SUM(AB$2*$Z23,AB$3*$AA23,AB$4*$AB23,AB$5*$AC23,AB$6*$AD23),2) -> 1 | AG23: =MOD(SUM(AC$2*$Z23,AC$3*$AA23,AC$4*$AB23,AC$5*$AC23,AC$6*$AD23),2) -> 1 | AH23: =MOD(SUM(AD$2*$Z23,AD$3*$AA23,AD$4*$AB23,AD$5*$AC23,AD$6*$AD23),2) -> 1 | AI23: =MOD(SUM(AE$2*$Z23,AE$3*$AA23,AE$4*$AB23,AE$5*$AC23,AE$6*$AD23),2) -> 1 | AJ23: =MOD(SUM(AF$2*$Z23,AF$3*$AA23,AF$4*$AB23,AF$5*$AC23,AF$6*$AD23),2) -> 0 | AK23: =MOD(SUM(AG$2*$Z23,AG$3*$AA23,AG$4*$AB23,AG$5*$AC23,AG$6*$AD23),2) -> 1 | AL23: =MOD(SUM(AH$2*$Z23,AH$3*$AA23,AH$4*$AB23,AH$5*$AC23,AH$6*$AD23),2) -> 0 | AM23: =MOD(SUM(AI$2*$Z23,AI$3*$AA23,AI$4*$AB23,AI$5*$AC23,AI$6*$AD23),2) -> 0 | AN23: =SUM(AE23:AM23) -> 5 | AP23: 9 | AQ23: =COUNTIF($AN$9:$AN$40,AP23) -> 0 | AU23: Pно | AV23: =SUM(AV14:AV22) -> 0.00078093784
Z24: 0 | AA24: 1 | AB24: 1 | AC24: 1 | AD24: 1 | AE24: =MOD(SUM(AA$2*$Z24,AA$3*$AA24,AA$4*$AB24,AA$5*$AC24,AA$6*$AD24),2) -> 0 | AF24: =MOD(SUM(AB$2*$Z24,AB$3*$AA24,AB$4*$AB24,AB$5*$AC24,AB$6*$AD24),2) -> 1 | AG24: =MOD(SUM(AC$2*$Z24,AC$3*$AA24,AC$4*$AB24,AC$5*$AC24,AC$6*$AD24),2) -> 1 | AH24: =MOD(SUM(AD$2*$Z24,AD$3*$AA24,AD$4*$AB24,AD$5*$AC24,AD$6*$AD24),2) -> 1 | AI24: =MOD(SUM(AE$2*$Z24,AE$3*$AA24,AE$4*$AB24,AE$5*$AC24,AE$6*$AD24),2) -> 0 | AJ24: =MOD(SUM(AF$2*$Z24,AF$3*$AA24,AF$4*$AB24,AF$5*$AC24,AF$6*$AD24),2) -> 1 | AK24: =MOD(SUM(AG$2*$Z24,AG$3*$AA24,AG$4*$AB24,AG$5*$AC24,AG$6*$AD24),2) -> 0 | AL24: =MOD(SUM(AH$2*$Z24,AH$3*$AA24,AH$4*$AB24,AH$5*$AC24,AH$6*$AD24),2) -> 0 | AM24: =MOD(SUM(AI$2*$Z24,AI$3*$AA24,AI$4*$AB24,AI$5*$AC24,AI$6*$AD24),2) -> 1 | AN24: =SUM(AE24:AM24) -> 5 | AP24: Контроль | AQ24: =SUM(AQ14:AQ23) -> 32 | AU24: Pо | AV24: =1-AV23 -> 0.99921906
Z25: 1 | AA25: 0 | AB25: 0 | AC25: 0 | AD25: 0 | AE25: =MOD(SUM(AA$2*$Z25,AA$3*$AA25,AA$4*$AB25,AA$5*$AC25,AA$6*$AD25),2) -> 1 | AF25: =MOD(SUM(AB$2*$Z25,AB$3*$AA25,AB$4*$AB25,AB$5*$AC25,AB$6*$AD25),2) -> 0 | AG25: =MOD(SUM(AC$2*$Z25,AC$3*$AA25,AC$4*$AB25,AC$5*$AC25,AC$6*$AD25),2) -> 0 | AH25: =MOD(SUM(AD$2*$Z25,AD$3*$AA25,AD$4*$AB25,AD$5*$AC25,AD$6*$AD25),2) -> 0 | AI25: =MOD(SUM(AE$2*$Z25,AE$3*$AA25,AE$4*$AB25,AE$5*$AC25,AE$6*$AD25),2) -> 0 | AJ25: =MOD(SUM(AF$2*$Z25,AF$3*$AA25,AF$4*$AB25,AF$5*$AC25,AF$6*$AD25),2) -> 0 | AK25: =MOD(SUM(AG$2*$Z25,AG$3*$AA25,AG$4*$AB25,AG$5*$AC25,AG$6*$AD25),2) -> 1 | AL25: =MOD(SUM(AH$2*$Z25,AH$3*$AA25,AH$4*$AB25,AH$5*$AC25,AH$6*$AD25),2) -> 1 | AM25: =MOD(SUM(AI$2*$Z25,AI$3*$AA25,AI$4*$AB25,AI$5*$AC25,AI$6*$AD25),2) -> 0 | AN25: =SUM(AE25:AM25) -> 3
Z26: 1 | AA26: 0 | AB26: 0 | AC26: 0 | AD26: 1 | AE26: =MOD(SUM(AA$2*$Z26,AA$3*$AA26,AA$4*$AB26,AA$5*$AC26,AA$6*$AD26),2) -> 1 | AF26: =MOD(SUM(AB$2*$Z26,AB$3*$AA26,AB$4*$AB26,AB$5*$AC26,AB$6*$AD26),2) -> 0 | AG26: =MOD(SUM(AC$2*$Z26,AC$3*$AA26,AC$4*$AB26,AC$5*$AC26,AC$6*$AD26),2) -> 0 | AH26: =MOD(SUM(AD$2*$Z26,AD$3*$AA26,AD$4*$AB26,AD$5*$AC26,AD$6*$AD26),2) -> 0 | AI26: =MOD(SUM(AE$2*$Z26,AE$3*$AA26,AE$4*$AB26,AE$5*$AC26,AE$6*$AD26),2) -> 1 | AJ26: =MOD(SUM(AF$2*$Z26,AF$3*$AA26,AF$4*$AB26,AF$5*$AC26,AF$6*$AD26),2) -> 1 | AK26: =MOD(SUM(AG$2*$Z26,AG$3*$AA26,AG$4*$AB26,AG$5*$AC26,AG$6*$AD26),2) -> 0 | AL26: =MOD(SUM(AH$2*$Z26,AH$3*$AA26,AH$4*$AB26,AH$5*$AC26,AH$6*$AD26),2) -> 1 | AM26: =MOD(SUM(AI$2*$Z26,AI$3*$AA26,AI$4*$AB26,AI$5*$AC26,AI$6*$AD26),2) -> 1 | AN26: =SUM(AE26:AM26) -> 5
Z27: 1 | AA27: 0 | AB27: 0 | AC27: 1 | AD27: 0 | AE27: =MOD(SUM(AA$2*$Z27,AA$3*$AA27,AA$4*$AB27,AA$5*$AC27,AA$6*$AD27),2) -> 1 | AF27: =MOD(SUM(AB$2*$Z27,AB$3*$AA27,AB$4*$AB27,AB$5*$AC27,AB$6*$AD27),2) -> 0 | AG27: =MOD(SUM(AC$2*$Z27,AC$3*$AA27,AC$4*$AB27,AC$5*$AC27,AC$6*$AD27),2) -> 0 | AH27: =MOD(SUM(AD$2*$Z27,AD$3*$AA27,AD$4*$AB27,AD$5*$AC27,AD$6*$AD27),2) -> 1 | AI27: =MOD(SUM(AE$2*$Z27,AE$3*$AA27,AE$4*$AB27,AE$5*$AC27,AE$6*$AD27),2) -> 1 | AJ27: =MOD(SUM(AF$2*$Z27,AF$3*$AA27,AF$4*$AB27,AF$5*$AC27,AF$6*$AD27),2) -> 1 | AK27: =MOD(SUM(AG$2*$Z27,AG$3*$AA27,AG$4*$AB27,AG$5*$AC27,AG$6*$AD27),2) -> 1 | AL27: =MOD(SUM(AH$2*$Z27,AH$3*$AA27,AH$4*$AB27,AH$5*$AC27,AH$6*$AD27),2) -> 0 | AM27: =MOD(SUM(AI$2*$Z27,AI$3*$AA27,AI$4*$AB27,AI$5*$AC27,AI$6*$AD27),2) -> 1 | AN27: =SUM(AE27:AM27) -> 6
Z28: 1 | AA28: 0 | AB28: 0 | AC28: 1 | AD28: 1 | AE28: =MOD(SUM(AA$2*$Z28,AA$3*$AA28,AA$4*$AB28,AA$5*$AC28,AA$6*$AD28),2) -> 1 | AF28: =MOD(SUM(AB$2*$Z28,AB$3*$AA28,AB$4*$AB28,AB$5*$AC28,AB$6*$AD28),2) -> 0 | AG28: =MOD(SUM(AC$2*$Z28,AC$3*$AA28,AC$4*$AB28,AC$5*$AC28,AC$6*$AD28),2) -> 0 | AH28: =MOD(SUM(AD$2*$Z28,AD$3*$AA28,AD$4*$AB28,AD$5*$AC28,AD$6*$AD28),2) -> 1 | AI28: =MOD(SUM(AE$2*$Z28,AE$3*$AA28,AE$4*$AB28,AE$5*$AC28,AE$6*$AD28),2) -> 0 | AJ28: =MOD(SUM(AF$2*$Z28,AF$3*$AA28,AF$4*$AB28,AF$5*$AC28,AF$6*$AD28),2) -> 0 | AK28: =MOD(SUM(AG$2*$Z28,AG$3*$AA28,AG$4*$AB28,AG$5*$AC28,AG$6*$AD28),2) -> 0 | AL28: =MOD(SUM(AH$2*$Z28,AH$3*$AA28,AH$4*$AB28,AH$5*$AC28,AH$6*$AD28),2) -> 0 | AM28: =MOD(SUM(AI$2*$Z28,AI$3*$AA28,AI$4*$AB28,AI$5*$AC28,AI$6*$AD28),2) -> 0 | AN28: =SUM(AE28:AM28) -> 2
Z29: 1 | AA29: 0 | AB29: 1 | AC29: 0 | AD29: 0 | AE29: =MOD(SUM(AA$2*$Z29,AA$3*$AA29,AA$4*$AB29,AA$5*$AC29,AA$6*$AD29),2) -> 1 | AF29: =MOD(SUM(AB$2*$Z29,AB$3*$AA29,AB$4*$AB29,AB$5*$AC29,AB$6*$AD29),2) -> 0 | AG29: =MOD(SUM(AC$2*$Z29,AC$3*$AA29,AC$4*$AB29,AC$5*$AC29,AC$6*$AD29),2) -> 1 | AH29: =MOD(SUM(AD$2*$Z29,AD$3*$AA29,AD$4*$AB29,AD$5*$AC29,AD$6*$AD29),2) -> 0 | AI29: =MOD(SUM(AE$2*$Z29,AE$3*$AA29,AE$4*$AB29,AE$5*$AC29,AE$6*$AD29),2) -> 1 | AJ29: =MOD(SUM(AF$2*$Z29,AF$3*$AA29,AF$4*$AB29,AF$5*$AC29,AF$6*$AD29),2) -> 0 | AK29: =MOD(SUM(AG$2*$Z29,AG$3*$AA29,AG$4*$AB29,AG$5*$AC29,AG$6*$AD29),2) -> 0 | AL29: =MOD(SUM(AH$2*$Z29,AH$3*$AA29,AH$4*$AB29,AH$5*$AC29,AH$6*$AD29),2) -> 0 | AM29: =MOD(SUM(AI$2*$Z29,AI$3*$AA29,AI$4*$AB29,AI$5*$AC29,AI$6*$AD29),2) -> 0 | AN29: =SUM(AE29:AM29) -> 3
Z30: 1 | AA30: 0 | AB30: 1 | AC30: 0 | AD30: 1 | AE30: =MOD(SUM(AA$2*$Z30,AA$3*$AA30,AA$4*$AB30,AA$5*$AC30,AA$6*$AD30),2) -> 1 | AF30: =MOD(SUM(AB$2*$Z30,AB$3*$AA30,AB$4*$AB30,AB$5*$AC30,AB$6*$AD30),2) -> 0 | AG30: =MOD(SUM(AC$2*$Z30,AC$3*$AA30,AC$4*$AB30,AC$5*$AC30,AC$6*$AD30),2) -> 1 | AH30: =MOD(SUM(AD$2*$Z30,AD$3*$AA30,AD$4*$AB30,AD$5*$AC30,AD$6*$AD30),2) -> 0 | AI30: =MOD(SUM(AE$2*$Z30,AE$3*$AA30,AE$4*$AB30,AE$5*$AC30,AE$6*$AD30),2) -> 0 | AJ30: =MOD(SUM(AF$2*$Z30,AF$3*$AA30,AF$4*$AB30,AF$5*$AC30,AF$6*$AD30),2) -> 1 | AK30: =MOD(SUM(AG$2*$Z30,AG$3*$AA30,AG$4*$AB30,AG$5*$AC30,AG$6*$AD30),2) -> 1 | AL30: =MOD(SUM(AH$2*$Z30,AH$3*$AA30,AH$4*$AB30,AH$5*$AC30,AH$6*$AD30),2) -> 0 | AM30: =MOD(SUM(AI$2*$Z30,AI$3*$AA30,AI$4*$AB30,AI$5*$AC30,AI$6*$AD30),2) -> 1 | AN30: =SUM(AE30:AM30) -> 5
Z31: 1 | AA31: 0 | AB31: 1 | AC31: 1 | AD31: 0 | AE31: =MOD(SUM(AA$2*$Z31,AA$3*$AA31,AA$4*$AB31,AA$5*$AC31,AA$6*$AD31),2) -> 1 | AF31: =MOD(SUM(AB$2*$Z31,AB$3*$AA31,AB$4*$AB31,AB$5*$AC31,AB$6*$AD31),2) -> 0 | AG31: =MOD(SUM(AC$2*$Z31,AC$3*$AA31,AC$4*$AB31,AC$5*$AC31,AC$6*$AD31),2) -> 1 | AH31: =MOD(SUM(AD$2*$Z31,AD$3*$AA31,AD$4*$AB31,AD$5*$AC31,AD$6*$AD31),2) -> 1 | AI31: =MOD(SUM(AE$2*$Z31,AE$3*$AA31,AE$4*$AB31,AE$5*$AC31,AE$6*$AD31),2) -> 0 | AJ31: =MOD(SUM(AF$2*$Z31,AF$3*$AA31,AF$4*$AB31,AF$5*$AC31,AF$6*$AD31),2) -> 1 | AK31: =MOD(SUM(AG$2*$Z31,AG$3*$AA31,AG$4*$AB31,AG$5*$AC31,AG$6*$AD31),2) -> 0 | AL31: =MOD(SUM(AH$2*$Z31,AH$3*$AA31,AH$4*$AB31,AH$5*$AC31,AH$6*$AD31),2) -> 1 | AM31: =MOD(SUM(AI$2*$Z31,AI$3*$AA31,AI$4*$AB31,AI$5*$AC31,AI$6*$AD31),2) -> 1 | AN31: =SUM(AE31:AM31) -> 6
Z32: 1 | AA32: 0 | AB32: 1 | AC32: 1 | AD32: 1 | AE32: =MOD(SUM(AA$2*$Z32,AA$3*$AA32,AA$4*$AB32,AA$5*$AC32,AA$6*$AD32),2) -> 1 | AF32: =MOD(SUM(AB$2*$Z32,AB$3*$AA32,AB$4*$AB32,AB$5*$AC32,AB$6*$AD32),2) -> 0 | AG32: =MOD(SUM(AC$2*$Z32,AC$3*$AA32,AC$4*$AB32,AC$5*$AC32,AC$6*$AD32),2) -> 1 | AH32: =MOD(SUM(AD$2*$Z32,AD$3*$AA32,AD$4*$AB32,AD$5*$AC32,AD$6*$AD32),2) -> 1 | AI32: =MOD(SUM(AE$2*$Z32,AE$3*$AA32,AE$4*$AB32,AE$5*$AC32,AE$6*$AD32),2) -> 1 | AJ32: =MOD(SUM(AF$2*$Z32,AF$3*$AA32,AF$4*$AB32,AF$5*$AC32,AF$6*$AD32),2) -> 0 | AK32: =MOD(SUM(AG$2*$Z32,AG$3*$AA32,AG$4*$AB32,AG$5*$AC32,AG$6*$AD32),2) -> 1 | AL32: =MOD(SUM(AH$2*$Z32,AH$3*$AA32,AH$4*$AB32,AH$5*$AC32,AH$6*$AD32),2) -> 1 | AM32: =MOD(SUM(AI$2*$Z32,AI$3*$AA32,AI$4*$AB32,AI$5*$AC32,AI$6*$AD32),2) -> 0 | AN32: =SUM(AE32:AM32) -> 6
Z33: 1 | AA33: 1 | AB33: 0 | AC33: 0 | AD33: 0 | AE33: =MOD(SUM(AA$2*$Z33,AA$3*$AA33,AA$4*$AB33,AA$5*$AC33,AA$6*$AD33),2) -> 1 | AF33: =MOD(SUM(AB$2*$Z33,AB$3*$AA33,AB$4*$AB33,AB$5*$AC33,AB$6*$AD33),2) -> 1 | AG33: =MOD(SUM(AC$2*$Z33,AC$3*$AA33,AC$4*$AB33,AC$5*$AC33,AC$6*$AD33),2) -> 0 | AH33: =MOD(SUM(AD$2*$Z33,AD$3*$AA33,AD$4*$AB33,AD$5*$AC33,AD$6*$AD33),2) -> 0 | AI33: =MOD(SUM(AE$2*$Z33,AE$3*$AA33,AE$4*$AB33,AE$5*$AC33,AE$6*$AD33),2) -> 1 | AJ33: =MOD(SUM(AF$2*$Z33,AF$3*$AA33,AF$4*$AB33,AF$5*$AC33,AF$6*$AD33),2) -> 1 | AK33: =MOD(SUM(AG$2*$Z33,AG$3*$AA33,AG$4*$AB33,AG$5*$AC33,AG$6*$AD33),2) -> 1 | AL33: =MOD(SUM(AH$2*$Z33,AH$3*$AA33,AH$4*$AB33,AH$5*$AC33,AH$6*$AD33),2) -> 1 | AM33: =MOD(SUM(AI$2*$Z33,AI$3*$AA33,AI$4*$AB33,AI$5*$AC33,AI$6*$AD33),2) -> 1 | AN33: =SUM(AE33:AM33) -> 7
Z34: 1 | AA34: 1 | AB34: 0 | AC34: 0 | AD34: 1 | AE34: =MOD(SUM(AA$2*$Z34,AA$3*$AA34,AA$4*$AB34,AA$5*$AC34,AA$6*$AD34),2) -> 1 | AF34: =MOD(SUM(AB$2*$Z34,AB$3*$AA34,AB$4*$AB34,AB$5*$AC34,AB$6*$AD34),2) -> 1 | AG34: =MOD(SUM(AC$2*$Z34,AC$3*$AA34,AC$4*$AB34,AC$5*$AC34,AC$6*$AD34),2) -> 0 | AH34: =MOD(SUM(AD$2*$Z34,AD$3*$AA34,AD$4*$AB34,AD$5*$AC34,AD$6*$AD34),2) -> 0 | AI34: =MOD(SUM(AE$2*$Z34,AE$3*$AA34,AE$4*$AB34,AE$5*$AC34,AE$6*$AD34),2) -> 0 | AJ34: =MOD(SUM(AF$2*$Z34,AF$3*$AA34,AF$4*$AB34,AF$5*$AC34,AF$6*$AD34),2) -> 0 | AK34: =MOD(SUM(AG$2*$Z34,AG$3*$AA34,AG$4*$AB34,AG$5*$AC34,AG$6*$AD34),2) -> 0 | AL34: =MOD(SUM(AH$2*$Z34,AH$3*$AA34,AH$4*$AB34,AH$5*$AC34,AH$6*$AD34),2) -> 1 | AM34: =MOD(SUM(AI$2*$Z34,AI$3*$AA34,AI$4*$AB34,AI$5*$AC34,AI$6*$AD34),2) -> 0 | AN34: =SUM(AE34:AM34) -> 3
Z35: 1 | AA35: 1 | AB35: 0 | AC35: 1 | AD35: 0 | AE35: =MOD(SUM(AA$2*$Z35,AA$3*$AA35,AA$4*$AB35,AA$5*$AC35,AA$6*$AD35),2) -> 1 | AF35: =MOD(SUM(AB$2*$Z35,AB$3*$AA35,AB$4*$AB35,AB$5*$AC35,AB$6*$AD35),2) -> 1 | AG35: =MOD(SUM(AC$2*$Z35,AC$3*$AA35,AC$4*$AB35,AC$5*$AC35,AC$6*$AD35),2) -> 0 | AH35: =MOD(SUM(AD$2*$Z35,AD$3*$AA35,AD$4*$AB35,AD$5*$AC35,AD$6*$AD35),2) -> 1 | AI35: =MOD(SUM(AE$2*$Z35,AE$3*$AA35,AE$4*$AB35,AE$5*$AC35,AE$6*$AD35),2) -> 0 | AJ35: =MOD(SUM(AF$2*$Z35,AF$3*$AA35,AF$4*$AB35,AF$5*$AC35,AF$6*$AD35),2) -> 0 | AK35: =MOD(SUM(AG$2*$Z35,AG$3*$AA35,AG$4*$AB35,AG$5*$AC35,AG$6*$AD35),2) -> 1 | AL35: =MOD(SUM(AH$2*$Z35,AH$3*$AA35,AH$4*$AB35,AH$5*$AC35,AH$6*$AD35),2) -> 0 | AM35: =MOD(SUM(AI$2*$Z35,AI$3*$AA35,AI$4*$AB35,AI$5*$AC35,AI$6*$AD35),2) -> 0 | AN35: =SUM(AE35:AM35) -> 4
Z36: 1 | AA36: 1 | AB36: 0 | AC36: 1 | AD36: 1 | AE36: =MOD(SUM(AA$2*$Z36,AA$3*$AA36,AA$4*$AB36,AA$5*$AC36,AA$6*$AD36),2) -> 1 | AF36: =MOD(SUM(AB$2*$Z36,AB$3*$AA36,AB$4*$AB36,AB$5*$AC36,AB$6*$AD36),2) -> 1 | AG36: =MOD(SUM(AC$2*$Z36,AC$3*$AA36,AC$4*$AB36,AC$5*$AC36,AC$6*$AD36),2) -> 0 | AH36: =MOD(SUM(AD$2*$Z36,AD$3*$AA36,AD$4*$AB36,AD$5*$AC36,AD$6*$AD36),2) -> 1 | AI36: =MOD(SUM(AE$2*$Z36,AE$3*$AA36,AE$4*$AB36,AE$5*$AC36,AE$6*$AD36),2) -> 1 | AJ36: =MOD(SUM(AF$2*$Z36,AF$3*$AA36,AF$4*$AB36,AF$5*$AC36,AF$6*$AD36),2) -> 1 | AK36: =MOD(SUM(AG$2*$Z36,AG$3*$AA36,AG$4*$AB36,AG$5*$AC36,AG$6*$AD36),2) -> 0 | AL36: =MOD(SUM(AH$2*$Z36,AH$3*$AA36,AH$4*$AB36,AH$5*$AC36,AH$6*$AD36),2) -> 0 | AM36: =MOD(SUM(AI$2*$Z36,AI$3*$AA36,AI$4*$AB36,AI$5*$AC36,AI$6*$AD36),2) -> 1 | AN36: =SUM(AE36:AM36) -> 6
... Z40: 1 | AA40: 1 | AB40: 1 | AC40: 1 | AD40: 1 | AE40: =MOD(SUM(AA$2*$Z40,AA$3*$AA40,AA$4*$AB40,AA$5*$AC40,AA$6*$AD40),2) -> 1 | AF40: =MOD(SUM(AB$2*$Z40,AB$3*$AA40,AB$4*$AB40,AB$5*$AC40,AB$6*$AD40),2) -> 1 | AG40: =MOD(SUM(AC$2*$Z40,AC$3*$AA40,AC$4*$AB40,AC$5*$AC40,AC$6*$AD40),2) -> 1 | AH40: =MOD(SUM(AD$2*$Z40,AD$3*$AA40,AD$4*$AB40,AD$5*$AC40,AD$6*$AD40),2) -> 1 | AI40: =MOD(SUM(AE$2*$Z40,AE$3*$AA40,AE$4*$AB40,AE$5*$AC40,AE$6*$AD40),2) -> 0 | AJ40: =MOD(SUM(AF$2*$Z40,AF$3*$AA40,AF$4*$AB40,AF$5*$AC40,AF$6*$AD40),2) -> 1 | AK40: =MOD(SUM(AG$2*$Z40,AG$3*$AA40,AG$4*$AB40,AG$5*$AC40,AG$6*$AD40),2) -> 1 | AL40: =MOD(SUM(AH$2*$Z40,AH$3*$AA40,AH$4*$AB40,AH$5*$AC40,AH$6*$AD40),2) -> 1 | AM40: =MOD(SUM(AI$2*$Z40,AI$3*$AA40,AI$4*$AB40,AI$5*$AC40,AI$6*$AD40),2) -> 1 | AN40: =SUM(AE40:AM40) -> 8

Sheet Аутентификация
B2: № средства аутентификации | C2: Mi | D2: Li | E2: vi | F2: t | G2: Py2i
B3: 1 | C3: 128 | D3: 9 | E3: 1548 | F3: 19144 | G3: =1-(E3*F3)/(C3^D3) -> 1
B4: 2 | C4: 64 | D4: 7 | E4: 2950 | F4: 19144 | G4: =1-(E4*F4)/C4^D4 -> 0.99998716
B5: 3 | C5: 68 | D5: 11 | E5: 1575 | F5: 19144 | G5: =1-(E5*F5)/C5^D5 -> 1

Sheet Антивирус
B2: Общее количество | C2: 900 | E2: i | F2: Niб | G2: Niз
B3: Начальное заражение | C3: 20 | E3: 0 | F3: =C3 -> 20 | G3: =$C$2-F3 -> 880
B4: Связность | C4: 4 | E4: 1 | F4: =IF(F3+(F3*$C$4*$C$5*G3/$C$2)>$C$2,$C$2,F3+(F3*$C$4*$C$5*G3/$C$2)) -> 35.644444 | G4: =$C$2-F4 -> 864.35556
B5: Вер-ть заражени | C5: 0.2 | E5: 2 | F5: =IF(F4+(F4*$C$4*$C$5*G4/$C$2)>$C$2,$C$2,F4+(F4*$C$4*$C$5*G4/$C$2)) -> 63.030643 | G5: =$C$2-F5 -> 836.96936
B6: Py31 | C6: =G7/C2 -> 0.7920866 | E6: 3 | F6: =IF(F5+(F5*$C$4*$C$5*G5/$C$2)>$C$2,$C$2,F5+(F5*$C$4*$C$5*G5/$C$2)) -> 109.92372 | G6: =$C$2-F6 -> 790.07628
E7: 4 | F7: =IF(F6+(F6*$C$4*$C$5*G6/$C$2)>$C$2,$C$2,F6+(F6*$C$4*$C$5*G6/$C$2)) -> 187.12206 | G7: =$C$2-F7 -> 712.87794
B10: Общее количество | C10: 680 | E10: i | F10: Niб | G10: Niз
B11: Начальное заражение | C11: 2 | E11: 0 | F11: =C11 -> 2 | G11: =$C$10-F11 -> 678
B12: Связность | C12: 7 | E12: 1 | F12: =IF(F11+(F11*$C$12*$C$13*G11/$C$10)>$C$10,$C$10,F11+(F11*$C$12*$C$13*G11/$C$10)) -> 4.373 | G12: =$C$10-F12 -> 675.627
B13: Вер-ть заражени | C13: 0.17 | E13: 2 | F13: =IF(F12+(F12*$C$12*$C$13*G12/$C$10)>$C$10,$C$10,F12+(F12*$C$12*$C$13*G12/$C$10)) -> 9.5434045 | G13: =$C$10-F13 -> 670.4566
B14: Py32 | C14: =G15/C10 -> 0.93430991 | E14: 3 | F14: =IF(F13+(F13*$C$12*$C$13*G13/$C$10)>$C$10,$C$10,F13+(F13*$C$12*$C$13*G13/$C$10)) -> 20.740672 | G14: =$C$10-F14 -> 659.25933
E15: 4 | F15: =IF(F14+(F14*$C$12*$C$13*G14/$C$10)>$C$10,$C$10,F14+(F14*$C$12*$C$13*G14/$C$10)) -> 44.669264 | G15: =$C$10-F15 -> 635.33074
B18: Общее количество | C18: 460 | E18: i | F18: Niб | G18: Niз
B19: Начальное заражение | C19: 10 | E19: 0 | F19: =C19 -> 10 | G19: =$C$18-F19 -> 450
B20: Связность | C20: 5 | E20: 1 | F20: =IF(F19+(F19*$C$20*$C$21*G19/$C$18)>$C$18,$C$18,F19+(F19*$C$20*$C$21*G19/$C$18)) -> 23.695652 | G20: =$C$18-F20 -> 436.30435
B21: Вер-ть заражени | C21: 0.28 | E21: 2 | F21: =IF(F20+(F20*$C$20*$C$21*G20/$C$18)>$C$18,$C$18,F20+(F20*$C$20*$C$21*G20/$C$18)) -> 55.160701 | G21: =$C$18-F21 -> 404.8393
B22: Py33 | C22: =G23/C18 -> 0.45790859 | E22: 3 | F22: =IF(F21+(F21*$C$20*$C$21*G21/$C$18)>$C$18,$C$18,F21+(F21*$C$20*$C$21*G21/$C$18)) -> 123.12528 | G22: =$C$18-F22 -> 336.87472
E23: 4 | F23: =IF(F22+(F22*$C$20*$C$21*G22/$C$18)>$C$18,$C$18,F22+(F22*$C$20*$C$21*G22/$C$18)) -> 249.36205 | G23: =$C$18-F23 -> 210.63795

Sheet Итоги
C2: Звено 1 | D2: Звено 2 | E2: Звено 3 | F2: Pо | G2: Pг | L2: Исследуемый параметр v2 | M2: Pо | N2: Pг
B3: Уровень 1 | C3: ='Обнаружение ошибок'!R9 -> 0.99999661 | D3: ='Обнаружение ошибок'!AQ10 -> 0.99921906 | E3: ='Обнаружение ошибок'!BN6 -> 0.99999774 | F3: =MIN(C3:E3) -> 0.99921906 | G3: =PRODUCT(C3:E3) -> 0.99921342 | L3: 2950 | M3: 0.99999999 | N3: 0.99999999
B4: Уровень 2 | C4: =Аутентификация!G3 -> 1 | D4: =Аутентификация!G4 -> 0.99998716 | E4: =Аутентификация!G5 -> 1 | F4: =MIN(C4:E4) -> 0.99998716 | G4: =PRODUCT(C4:E4) -> 0.99998716 | L4: 3000 | M4: 0.99999999 | N4: 0.99999999
B5: Уровень 3 | C5: =Антивирус!C6 -> 0.7920866 | D5: =Антивирус!C14 -> 0.93430991 | E5: =Антивирус!C22 -> 0.45790859 | F5: =MIN(C5:E5) -> 0.45790859 | G5: =PRODUCT(C5:E5) -> 0.33887725 | L5: 3050 | M5: 0.99999999 | N5: 0.99999999
B6: Эффективность общая | F6: =1-(1-F3)*(1-F4)*(1-F5) -> 0.99999999 | G6: =1-(1-G3)*(1-G4)*(1-G5) -> 0.99999999 | L6: 3100 | M6: 0.99999999 | N6: 0.99999999
L7: 3150 | M7: 0.99999999 | N7: 0.99999999
